{"stats":{"minecraft:dropped":{"minecraft:porkchop":1,"minecraft:diamond":1,"minecraft:granite":2,"minecraft:rose_bush":1,"minecraft:iron_pickaxe":2,"minecraft:bone":4,"minecraft:stone_axe":1,"minecraft:rotten_flesh":6,"minecraft:cooked_mutton":4,"minecraft:gunpowder":3,"minecraft:wooden_pickaxe":1},"minecraft:crafted":{"minecraft:oak_planks":104,"minecraft:furnace":2,"minecraft:flint_and_steel":1,"minecraft:iron_boots":1,"minecraft:iron_axe":1,"minecraft:stone_pickaxe":1,"minecraft:chest":3,"minecraft:smoker":1,"minecraft:wheat":108,"minecraft:cooked_beef":10,"minecraft:crimson_planks":12,"minecraft:diamond_sword":1,"minecraft:emerald":5,"minecraft:crafting_table":3,"minecraft:enchanting_table":1,"minecraft:wooden_pickaxe":1,"minecraft:iron_helmet":1,"minecraft:fletching_table":3,"minecraft:birch_planks":96,"minecraft:stone_axe":1,"minecraft:bread":36,"minecraft:air":0,"minecraft:iron_chestplate":1,"minecraft:book":1,"minecraft:paper":3,"minecraft:diamond_pickaxe":1,"minecraft:shield":2,"minecraft:stick":200,"minecraft:flint":10,"minecraft:iron_ingot":49,"minecraft:iron_pickaxe":2,"minecraft:wooden_axe":2,"minecraft:iron_shovel":2,"minecraft:iron_leggings":1,"minecraft:torch":8},"minecraft:picked_up":{"minecraft:crafting_table":11,"minecraft:iron_chestplate":4,"minecraft:chicken":3,"minecraft:wooden_pickaxe":4,"minecraft:shield":5,"minecraft:string":4,"minecraft:raw_copper":5,"minecraft:iron_axe":2,"minecraft:iron_leggings":2,"minecraft:iron_shovel":4,"minecraft:cobbled_deepslate":198,"minecraft:beef":18,"minecraft:rose_bush":3,"minecraft:iron_pickaxe":8,"minecraft:minecart":1,"minecraft:sugar_cane":34,"minecraft:furnace":3,"minecraft:iron_boots":2,"minecraft:egg":3,"minecraft:stick":2,"minecraft:raw_iron":67,"minecraft:oak_door":2,"minecraft:oak_fence":1,"minecraft:torch":6,"minecraft:porkchop":12,"minecraft:diorite":29,"minecraft:redstone":3,"minecraft:arrow":15,"minecraft:rotten_flesh":15,"minecraft:hay_block":12,"minecraft:obsidian":14,"minecraft:glow_berries":5,"minecraft:mutton":8,"minecraft:cobblestone":432,"minecraft:white_wool":10,"minecraft:birch_log":23,"minecraft:feather":10,"minecraft:cooked_beef":14,"minecraft:crimson_stem":3,"minecraft:andesite":6,"minecraft:leather":23,"minecraft:smoker":5,"minecraft:birch_planks":370,"minecraft:flint":3,"minecraft:tuff":8,"minecraft:oak_log":55,"minecraft:gunpowder":8,"minecraft:stripped_birch_log":1,"minecraft:lapis_lazuli":126,"minecraft:dirt":32,"minecraft:cooked_mutton":8,"minecraft:bone":15,"minecraft:raw_gold":23,"minecraft:stone_pickaxe":4,"minecraft:iron_ingot":3,"minecraft:fletching_table":1,"minecraft:glass_bottle":4,"minecraft:oak_planks":44,"minecraft:cooked_porkchop":8,"minecraft:gravel":29,"minecraft:white_bed":2,"minecraft:pumpkin_seeds":2,"minecraft:diamond":13,"minecraft:stone_axe":3,"minecraft:iron_helmet":2,"minecraft:granite":12,"minecraft:golden_apple":2,"minecraft:bread":23,"minecraft:oak_sapling":6,"minecraft:melon_seeds":4,"minecraft:coal":95,"minecraft:diamond_pickaxe":3},"minecraft:broken":{"minecraft:wooden_axe":1},"minecraft:custom":{"minecraft:mob_kills":42,"minecraft:interact_with_crafting_table":33,"minecraft:leave_game":8,"minecraft:time_since_death":12363,"minecraft:sprint_one_cm":305440,"minecraft:walk_one_cm":291121,"minecraft:damage_blocked_by_shield":640,"minecraft:drop":18,"minecraft:talked_to_villager":7,"minecraft:play_time":111010,"minecraft:deaths":8,"minecraft:sneak_time":4340,"minecraft:walk_under_water_one_cm":9077,"minecraft:jump":2141,"minecraft:walk_on_water_one_cm":27413,"minecraft:enchant_item":8,"minecraft:total_world_time":111010,"minecraft:interact_with_furnace":33,"minecraft:traded_with_villager":6,"minecraft:time_since_rest":12410,"minecraft:damage_taken":3833,"minecraft:damage_dealt":7282,"minecraft:swim_one_cm":26996,"minecraft:fly_one_cm":325322,"minecraft:open_chest":27,"minecraft:crouch_one_cm":8130,"minecraft:interact_with_smoker":12,"minecraft:fall_one_cm":60552},"minecraft:killed":{"minecraft:witch":1,"minecraft:spider":2,"minecraft:skeleton":5,"minecraft:horse":1,"minecraft:chicken":3,"minecraft:piglin":1,"minecraft:pig":2,"minecraft:hoglin":2,"minecraft:creeper":6,"minecraft:sheep":2,"minecraft:zombie":11,"minecraft:cow":5},"minecraft:mined":{"minecraft:tuff":4,"minecraft:white_bed":2,"minecraft:deepslate_diamond_ore":11,"minecraft:oak_door":2,"minecraft:stripped_birch_log":1,"minecraft:obsidian":15,"minecraft:cave_vines_plant":3,"minecraft:granite":12,"minecraft:grass_block":5,"minecraft:crimson_roots":1,"minecraft:crimson_stem":3,"minecraft:furnace":1,"minecraft:iron_ore":6,"minecraft:cobbled_deepslate":14,"minecraft:andesite":6,"minecraft:fletching_table":1,"minecraft:deepslate_lapis_ore":11,"minecraft:cave_vines":9,"minecraft:deepslate_iron_ore":42,"minecraft:stone":332,"minecraft:smoker":2,"minecraft:crafting_table":9,"minecraft:tall_grass":1,"minecraft:copper_ore":1,"minecraft:cobblestone":4,"minecraft:deepslate_gold_ore":21,"minecraft:sugar_cane":9,"minecraft:oak_planks":11,"minecraft:diorite":6,"minecraft:wall_torch":1,"minecraft:birch_log":21,"minecraft:birch_leaves":2,"minecraft:grass":9,"minecraft:oak_log":36,"minecraft:coal_ore":49,"minecraft:gravel":32,"minecraft:dirt":11,"minecraft:oak_leaves":6,"minecraft:deepslate":161},"minecraft:used":{"minecraft:oak_fence":1,"minecraft:enchanting_table":1,"minecraft:iron_shovel":36,"minecraft:flint_and_steel":1,"minecraft:chest":2,"minecraft:shield":18,"minecraft:oak_door":2,"minecraft:iron_chestplate":3,"minecraft:torch":14,"minecraft:dirt":18,"minecraft:tuff":8,"minecraft:granite":5,"minecraft:obsidian":10,"minecraft:wooden_axe":59,"minecraft:iron_axe":48,"minecraft:iron_helmet":1,"minecraft:iron_boots":3,"minecraft:crimson_planks":1,"minecraft:furnace":3,"minecraft:minecart":1,"minecraft:egg":3,"minecraft:cooked_beef":10,"minecraft:cobbled_deepslate":150,"minecraft:iron_leggings":3,"minecraft:diorite":12,"minecraft:birch_planks":49,"minecraft:stone_pickaxe":78,"minecraft:oak_planks":7,"minecraft:wooden_pickaxe":4,"minecraft:fletching_table":4,"minecraft:sugar_cane":3,"minecraft:glow_berries":15,"minecraft:crafting_table":11,"minecraft:white_bed":2,"minecraft:smoker":2,"minecraft:oak_log":5,"minecraft:diamond_pickaxe":547,"minecraft:bread":16,"minecraft:iron_pickaxe":85,"minecraft:gravel":3,"minecraft:stone_axe":86,"minecraft:cobblestone":120,"minecraft:cooked_porkchop":1,"minecraft:andesite":6},"minecraft:killed_by":{"minecraft:player":1,"minecraft:creeper":4,"minecraft:hoglin":2,"minecraft:skeleton":1}},"DataVersion":2975}