{"stats":{"minecraft:dropped":{"minecraft:diamond":1,"minecraft:rose_bush":1,"minecraft:iron_pickaxe":2,"minecraft:bone":4,"minecraft:stone_axe":1,"minecraft:rotten_flesh":6,"minecraft:cooked_mutton":4,"minecraft:gunpowder":3,"minecraft:wooden_pickaxe":1},"minecraft:crafted":{"minecraft:oak_planks":24,"minecraft:furnace":1,"minecraft:iron_boots":1,"minecraft:iron_axe":1,"minecraft:stone_pickaxe":1,"minecraft:chest":3,"minecraft:smoker":1,"minecraft:wheat":108,"minecraft:cooked_beef":10,"minecraft:crafting_table":2,"minecraft:wooden_pickaxe":1,"minecraft:iron_helmet":1,"minecraft:birch_planks":96,"minecraft:stone_axe":1,"minecraft:bread":36,"minecraft:air":0,"minecraft:iron_chestplate":1,"minecraft:diamond_pickaxe":1,"minecraft:shield":2,"minecraft:stick":24,"minecraft:iron_ingot":30,"minecraft:iron_pickaxe":2,"minecraft:wooden_axe":1,"minecraft:iron_shovel":1,"minecraft:torch":8},"minecraft:picked_up":{"minecraft:iron_chestplate":2,"minecraft:crafting_table":11,"minecraft:chicken":3,"minecraft:wooden_pickaxe":4,"minecraft:shield":4,"minecraft:string":4,"minecraft:iron_shovel":3,"minecraft:cobbled_deepslate":110,"minecraft:beef":18,"minecraft:rose_bush":3,"minecraft:iron_pickaxe":6,"minecraft:minecart":1,"minecraft:sugar_cane":28,"minecraft:egg":3,"minecraft:furnace":3,"minecraft:raw_iron":49,"minecraft:stick":2,"minecraft:oak_door":2,"minecraft:oak_fence":1,"minecraft:torch":6,"minecraft:porkchop":4,"minecraft:diorite":29,"minecraft:redstone":3,"minecraft:arrow":15,"minecraft:rotten_flesh":15,"minecraft:hay_block":12,"minecraft:glow_berries":5,"minecraft:mutton":8,"minecraft:cobblestone":218,"minecraft:white_wool":10,"minecraft:birch_log":23,"minecraft:feather":10,"minecraft:cooked_beef":14,"minecraft:andesite":5,"minecraft:leather":22,"minecraft:smoker":5,"minecraft:birch_planks":309,"minecraft:tuff":7,"minecraft:oak_log":35,"minecraft:gunpowder":5,"minecraft:dirt":29,"minecraft:lapis_lazuli":66,"minecraft:stripped_birch_log":1,"minecraft:cooked_mutton":8,"minecraft:bone":15,"minecraft:raw_gold":4,"minecraft:stone_pickaxe":4,"minecraft:iron_ingot":3,"minecraft:glass_bottle":4,"minecraft:oak_planks":44,"minecraft:cooked_porkchop":8,"minecraft:white_bed":2,"minecraft:pumpkin_seeds":2,"minecraft:diamond":7,"minecraft:stone_axe":3,"minecraft:granite":7,"minecraft:golden_apple":1,"minecraft:oak_sapling":6,"minecraft:melon_seeds":4,"minecraft:coal":95,"minecraft:diamond_pickaxe":1},"minecraft:broken":{"minecraft:wooden_axe":1},"minecraft:custom":{"minecraft:mob_kills":32,"minecraft:interact_with_crafting_table":24,"minecraft:leave_game":5,"minecraft:time_since_death":16362,"minecraft:sprint_one_cm":239379,"minecraft:walk_one_cm":206489,"minecraft:damage_blocked_by_shield":340,"minecraft:drop":15,"minecraft:play_time":71548,"minecraft:deaths":6,"minecraft:sneak_time":925,"minecraft:walk_under_water_one_cm":5778,"minecraft:jump":1476,"minecraft:walk_on_water_one_cm":13709,"minecraft:total_world_time":71548,"minecraft:interact_with_furnace":25,"minecraft:time_since_rest":16478,"minecraft:damage_taken":2923,"minecraft:damage_dealt":4911,"minecraft:swim_one_cm":15529,"minecraft:fly_one_cm":245287,"minecraft:open_chest":3,"minecraft:crouch_one_cm":1897,"minecraft:interact_with_smoker":12,"minecraft:fall_one_cm":43092},"minecraft:killed":{"minecraft:witch":1,"minecraft:spider":2,"minecraft:horse":1,"minecraft:skeleton":5,"minecraft:chicken":3,"minecraft:pig":2,"minecraft:creeper":3,"minecraft:sheep":2,"minecraft:zombie":7,"minecraft:cow":5},"minecraft:mined":{"minecraft:tuff":3,"minecraft:white_bed":2,"minecraft:deepslate_diamond_ore":5,"minecraft:oak_door":2,"minecraft:stripped_birch_log":1,"minecraft:cave_vines_plant":3,"minecraft:granite":7,"minecraft:grass_block":5,"minecraft:furnace":1,"minecraft:iron_ore":4,"minecraft:cobbled_deepslate":14,"minecraft:andesite":5,"minecraft:deepslate_lapis_ore":2,"minecraft:cave_vines":9,"minecraft:deepslate_iron_ore":26,"minecraft:stone":117,"minecraft:smoker":2,"minecraft:crafting_table":9,"minecraft:cobblestone":4,"minecraft:deepslate_gold_ore":2,"minecraft:sugar_cane":6,"minecraft:oak_planks":11,"minecraft:diorite":6,"minecraft:wall_torch":1,"minecraft:birch_log":21,"minecraft:birch_leaves":2,"minecraft:grass":8,"minecraft:coal_ore":49,"minecraft:oak_log":15,"minecraft:dirt":8,"minecraft:oak_leaves":4,"minecraft:deepslate":73},"minecraft:used":{"minecraft:oak_fence":1,"minecraft:iron_shovel":4,"minecraft:chest":2,"minecraft:shield":9,"minecraft:iron_chestplate":1,"minecraft:oak_door":2,"minecraft:torch":14,"minecraft:dirt":18,"minecraft:tuff":7,"minecraft:granite":5,"minecraft:wooden_axe":49,"minecraft:iron_axe":4,"minecraft:iron_boots":1,"minecraft:furnace":2,"minecraft:minecart":1,"minecraft:egg":3,"minecraft:cooked_beef":10,"minecraft:cobbled_deepslate":77,"minecraft:diorite":12,"minecraft:birch_planks":32,"minecraft:stone_pickaxe":78,"minecraft:oak_planks":7,"minecraft:wooden_pickaxe":4,"minecraft:glow_berries":15,"minecraft:crafting_table":10,"minecraft:white_bed":2,"minecraft:smoker":2,"minecraft:oak_log":5,"minecraft:diamond_pickaxe":168,"minecraft:bread":5,"minecraft:iron_pickaxe":85,"minecraft:stone_axe":86,"minecraft:cobblestone":32,"minecraft:cooked_porkchop":1},"minecraft:killed_by":{"minecraft:player":1,"minecraft:creeper":4,"minecraft:skeleton":1}},"DataVersion":2975}