{"stats":{"minecraft:dropped":{"minecraft:porkchop":1,"minecraft:diamond":1,"minecraft:granite":2,"minecraft:dirt":4,"minecraft:rose_bush":1,"minecraft:iron_pickaxe":2,"minecraft:bone":4,"minecraft:stone_axe":1,"minecraft:cobbled_deepslate":9,"minecraft:rotten_flesh":6,"minecraft:cooked_mutton":4,"minecraft:gunpowder":3,"minecraft:spruce_planks":4,"minecraft:wooden_pickaxe":1},"minecraft:crafted":{"minecraft:oak_planks":136,"minecraft:stone_shovel":12,"minecraft:diamond_hoe":3,"minecraft:furnace":2,"minecraft:flint_and_steel":1,"minecraft:bow":2,"minecraft:iron_boots":1,"minecraft:iron_axe":1,"minecraft:stone_pickaxe":1,"minecraft:chest":5,"minecraft:netherite_scrap":1,"minecraft:dark_oak_planks":180,"minecraft:stone_hoe":12,"minecraft:smoker":1,"minecraft:wheat":108,"minecraft:cooked_beef":12,"minecraft:crimson_planks":12,"minecraft:diamond_sword":1,"minecraft:arrow":64,"minecraft:emerald":136,"minecraft:diamond_axe":1,"minecraft:crafting_table":3,"minecraft:spruce_planks":2384,"minecraft:enchanting_table":1,"minecraft:wooden_pickaxe":1,"minecraft:iron_helmet":1,"minecraft:fletching_table":3,"minecraft:birch_planks":96,"minecraft:stone_axe":3,"minecraft:bread":36,"minecraft:air":0,"minecraft:iron_chestplate":1,"minecraft:book":1,"minecraft:paper":3,"minecraft:diamond_pickaxe":1,"minecraft:shield":2,"minecraft:stick":5320,"minecraft:flint":10,"minecraft:iron_ingot":49,"minecraft:iron_pickaxe":2,"minecraft:wooden_axe":2,"minecraft:iron_shovel":4,"minecraft:iron_leggings":1,"minecraft:gold_ingot":144,"minecraft:torch":8},"minecraft:picked_up":{"minecraft:crafting_table":11,"minecraft:iron_chestplate":4,"minecraft:chicken":3,"minecraft:wooden_pickaxe":4,"minecraft:gold_block":16,"minecraft:shield":5,"minecraft:string":4,"minecraft:raw_copper":5,"minecraft:iron_axe":2,"minecraft:iron_leggings":2,"minecraft:white_carpet":2,"minecraft:iron_shovel":4,"minecraft:cobbled_deepslate":210,"minecraft:beef":21,"minecraft:oak_boat":1,"minecraft:rose_bush":3,"minecraft:iron_pickaxe":8,"minecraft:minecart":1,"minecraft:sugar_cane":34,"minecraft:furnace":3,"minecraft:iron_boots":2,"minecraft:egg":3,"minecraft:dark_oak_sapling":4,"minecraft:stick":51,"minecraft:raw_iron":67,"minecraft:oak_door":2,"minecraft:oak_fence":1,"minecraft:torch":6,"minecraft:porkchop":12,"minecraft:diorite":29,"minecraft:redstone":3,"minecraft:arrow":15,"minecraft:rotten_flesh":15,"minecraft:hay_block":12,"minecraft:obsidian":15,"minecraft:glow_berries":5,"minecraft:mutton":8,"minecraft:white_wool":10,"minecraft:cobblestone":432,"minecraft:birch_log":23,"minecraft:feather":10,"minecraft:cooked_beef":14,"minecraft:crimson_stem":3,"minecraft:andesite":6,"minecraft:leather":24,"minecraft:smoker":5,"minecraft:birch_planks":370,"minecraft:flint":3,"minecraft:tuff":8,"minecraft:oak_log":63,"minecraft:ancient_debris":1,"minecraft:gunpowder":8,"minecraft:stripped_birch_log":1,"minecraft:lapis_lazuli":126,"minecraft:dirt":37,"minecraft:cooked_mutton":8,"minecraft:bone":15,"minecraft:wheat_seeds":5,"minecraft:raw_gold":23,"minecraft:iron_ingot":3,"minecraft:stone_pickaxe":4,"minecraft:fletching_table":1,"minecraft:glass_bottle":4,"minecraft:oak_planks":44,"minecraft:cooked_porkchop":8,"minecraft:quartz":4,"minecraft:gravel":31,"minecraft:spruce_sapling":59,"minecraft:white_bed":2,"minecraft:spruce_log":621,"minecraft:dark_oak_log":45,"minecraft:pumpkin_seeds":2,"minecraft:diamond":13,"minecraft:stone_axe":3,"minecraft:iron_helmet":2,"minecraft:granite":12,"minecraft:golden_apple":2,"minecraft:emerald":49,"minecraft:bread":23,"minecraft:oak_sapling":17,"minecraft:netherrack":253,"minecraft:melon_seeds":4,"minecraft:coal":95,"minecraft:diamond_pickaxe":3},"minecraft:broken":{"minecraft:iron_axe":1,"minecraft:stone_axe":2,"minecraft:iron_pickaxe":1,"minecraft:wooden_axe":1},"minecraft:custom":{"minecraft:mob_kills":51,"minecraft:interact_with_crafting_table":41,"minecraft:leave_game":9,"minecraft:time_since_death":65739,"minecraft:sprint_one_cm":422583,"minecraft:walk_one_cm":425224,"minecraft:damage_blocked_by_shield":680,"minecraft:drop":21,"minecraft:talked_to_villager":59,"minecraft:play_time":164386,"minecraft:deaths":8,"minecraft:sneak_time":7201,"minecraft:walk_under_water_one_cm":9182,"minecraft:jump":2980,"minecraft:walk_on_water_one_cm":28638,"minecraft:enchant_item":10,"minecraft:total_world_time":164386,"minecraft:interact_with_furnace":42,"minecraft:traded_with_villager":173,"minecraft:time_since_rest":65786,"minecraft:damage_taken":4160,"minecraft:damage_dealt":7649,"minecraft:swim_one_cm":30032,"minecraft:fly_one_cm":432560,"minecraft:open_chest":54,"minecraft:crouch_one_cm":18030,"minecraft:interact_with_smoker":12,"minecraft:fall_one_cm":80824},"minecraft:killed":{"minecraft:witch":1,"minecraft:spider":2,"minecraft:skeleton":5,"minecraft:horse":1,"minecraft:chicken":3,"minecraft:piglin":4,"minecraft:pig":2,"minecraft:hoglin":6,"minecraft:creeper":6,"minecraft:sheep":2,"minecraft:zombie":11,"minecraft:cow":7},"minecraft:mined":{"minecraft:tuff":4,"minecraft:white_bed":2,"minecraft:dark_oak_leaves":3,"minecraft:deepslate_diamond_ore":11,"minecraft:oak_door":2,"minecraft:dark_oak_log":45,"minecraft:stripped_birch_log":1,"minecraft:obsidian":16,"minecraft:cave_vines_plant":3,"minecraft:granite":12,"minecraft:grass_block":7,"minecraft:crimson_roots":1,"minecraft:spruce_leaves":36,"minecraft:crimson_stem":3,"minecraft:large_fern":1,"minecraft:weeping_vines_plant":1,"minecraft:furnace":1,"minecraft:iron_ore":6,"minecraft:cobbled_deepslate":17,"minecraft:andesite":6,"minecraft:fletching_table":1,"minecraft:deepslate_lapis_ore":11,"minecraft:gold_block":16,"minecraft:cave_vines":9,"minecraft:deepslate_iron_ore":42,"minecraft:stone":332,"minecraft:smoker":2,"minecraft:crimson_nylium":8,"minecraft:crafting_table":9,"minecraft:nether_quartz_ore":4,"minecraft:copper_ore":1,"minecraft:tall_grass":1,"minecraft:cobblestone":4,"minecraft:deepslate_gold_ore":21,"minecraft:oak_planks":11,"minecraft:sugar_cane":9,"minecraft:diorite":6,"minecraft:wall_torch":1,"minecraft:birch_log":21,"minecraft:spruce_log":614,"minecraft:birch_leaves":2,"minecraft:grass":48,"minecraft:oak_log":44,"minecraft:coal_ore":49,"minecraft:gravel":34,"minecraft:dirt":13,"minecraft:ancient_debris":1,"minecraft:netherrack":256,"minecraft:oak_leaves":13,"minecraft:deepslate":161},"minecraft:used":{"minecraft:oak_fence":1,"minecraft:enchanting_table":1,"minecraft:iron_shovel":40,"minecraft:flint_and_steel":1,"minecraft:chest":4,"minecraft:shield":19,"minecraft:netherrack":93,"minecraft:oak_door":2,"minecraft:iron_chestplate":3,"minecraft:torch":14,"minecraft:dirt":19,"minecraft:white_carpet":2,"minecraft:tuff":8,"minecraft:granite":5,"minecraft:obsidian":10,"minecraft:wooden_axe":59,"minecraft:iron_axe":228,"minecraft:iron_helmet":1,"minecraft:iron_boots":3,"minecraft:crimson_planks":1,"minecraft:bow":37,"minecraft:furnace":3,"minecraft:minecart":1,"minecraft:egg":3,"minecraft:cooked_beef":12,"minecraft:cobbled_deepslate":162,"minecraft:iron_leggings":3,"minecraft:diorite":12,"minecraft:birch_planks":49,"minecraft:oak_planks":7,"minecraft:stone_pickaxe":78,"minecraft:wooden_pickaxe":4,"minecraft:diamond_axe":160,"minecraft:sugar_cane":3,"minecraft:fletching_table":4,"minecraft:glow_berries":15,"minecraft:crafting_table":11,"minecraft:white_bed":2,"minecraft:spruce_log":7,"minecraft:smoker":2,"minecraft:oak_log":5,"minecraft:diamond_pickaxe":671,"minecraft:bread":23,"minecraft:iron_pickaxe":250,"minecraft:spruce_sapling":57,"minecraft:gravel":7,"minecraft:stone_axe":459,"minecraft:diamond_sword":22,"minecraft:cobblestone":120,"minecraft:cooked_porkchop":1,"minecraft:andesite":6,"minecraft:pumpkin_pie":3},"minecraft:killed_by":{"minecraft:player":1,"minecraft:creeper":4,"minecraft:hoglin":2,"minecraft:skeleton":1}},"DataVersion":2975}