{"stats":{"minecraft:mined":{"minecraft:nether_gold_ore":8,"minecraft:tuff":4,"minecraft:white_bed":2,"minecraft:dark_oak_leaves":3,"minecraft:deepslate_diamond_ore":11,"minecraft:oak_door":2,"minecraft:cobblestone_stairs":5,"minecraft:dark_oak_log":45,"minecraft:stripped_birch_log":1,"minecraft:obsidian":16,"minecraft:cave_vines_plant":3,"minecraft:granite":31,"minecraft:grass_block":7,"minecraft:cracked_polished_blackstone_bricks":14,"minecraft:crimson_roots":1,"minecraft:spruce_leaves":49,"minecraft:crimson_stem":3,"minecraft:polished_blackstone_bricks":36,"minecraft:large_fern":1,"minecraft:weeping_vines_plant":1,"minecraft:furnace":1,"minecraft:fire":5,"minecraft:iron_ore":34,"minecraft:cobbled_deepslate":17,"minecraft:andesite":28,"minecraft:deepslate_lapis_ore":11,"minecraft:fletching_table":1,"minecraft:gold_block":16,"minecraft:cave_vines":9,"minecraft:deepslate_iron_ore":42,"minecraft:stone":929,"minecraft:bone_block":17,"minecraft:oak_slab":1,"minecraft:soul_fire":2,"minecraft:blackstone":5,"minecraft:crimson_nylium":16,"minecraft:smoker":2,"minecraft:basalt":1,"minecraft:crafting_table":9,"minecraft:nether_quartz_ore":5,"minecraft:copper_ore":13,"minecraft:tall_grass":1,"minecraft:cobblestone":4,"minecraft:grindstone":1,"minecraft:deepslate_gold_ore":21,"minecraft:lapis_ore":8,"minecraft:oak_planks":11,"minecraft:sugar_cane":9,"minecraft:diorite":9,"minecraft:wall_torch":1,"minecraft:birch_log":21,"minecraft:spruce_log":875,"minecraft:birch_leaves":2,"minecraft:grass":51,"minecraft:oak_log":44,"minecraft:coal_ore":153,"minecraft:gravel":34,"minecraft:dirt":13,"minecraft:ancient_debris":1,"minecraft:netherrack":710,"minecraft:oak_leaves":13,"minecraft:deepslate":161},"minecraft:killed":{"minecraft:witch":1,"minecraft:spider":4,"minecraft:skeleton":15,"minecraft:horse":1,"minecraft:chicken":3,"minecraft:piglin_brute":2,"minecraft:piglin":29,"minecraft:pig":2,"minecraft:zombie_villager":1,"minecraft:hoglin":9,"minecraft:creeper":6,"minecraft:sheep":2,"minecraft:zombie":19,"minecraft:cow":8},"minecraft:dropped":{"minecraft:porkchop":1,"minecraft:diamond_axe":1,"minecraft:diamond":1,"minecraft:cobblestone":61,"minecraft:granite":2,"minecraft:cracked_polished_blackstone_bricks":11,"minecraft:emerald":37,"minecraft:dirt":4,"minecraft:crimson_roots":1,"minecraft:rose_bush":1,"minecraft:smooth_quartz_slab":1,"minecraft:polished_blackstone_bricks":35,"minecraft:polished_basalt":1,"minecraft:iron_pickaxe":2,"minecraft:bone":4,"minecraft:chiseled_polished_blackstone":1,"minecraft:stone_axe":1,"minecraft:blackstone":2,"minecraft:cobbled_deepslate":9,"minecraft:rotten_flesh":6,"minecraft:cooked_mutton":4,"minecraft:gunpowder":3,"minecraft:spruce_planks":4,"minecraft:diamond_pickaxe":1,"minecraft:basalt":4,"minecraft:wooden_pickaxe":1,"minecraft:netherrack":500},"minecraft:picked_up":{"minecraft:spruce_leaves":1,"minecraft:crafting_table":11,"minecraft:iron_chestplate":4,"minecraft:chicken":3,"minecraft:wooden_pickaxe":4,"minecraft:gold_block":16,"minecraft:chain":7,"minecraft:shield":5,"minecraft:string":6,"minecraft:raw_copper":48,"minecraft:iron_axe":2,"minecraft:iron_leggings":2,"minecraft:white_carpet":2,"minecraft:iron_shovel":4,"minecraft:blackstone":2,"minecraft:gold_nugget":34,"minecraft:cobbled_deepslate":210,"minecraft:beef":24,"minecraft:oak_boat":1,"minecraft:rose_bush":3,"minecraft:iron_pickaxe":8,"minecraft:minecart":1,"minecraft:sugar_cane":34,"minecraft:chest":1,"minecraft:furnace":3,"minecraft:iron_boots":2,"minecraft:egg":3,"minecraft:dark_oak_sapling":4,"minecraft:stick":57,"minecraft:raw_iron":95,"minecraft:oak_door":2,"minecraft:oak_fence":1,"minecraft:torch":8,"minecraft:porkchop":15,"minecraft:polished_blackstone_bricks":35,"minecraft:diorite":32,"minecraft:redstone":3,"minecraft:arrow":24,"minecraft:rotten_flesh":23,"minecraft:polished_basalt":1,"minecraft:hay_block":12,"minecraft:bone_block":19,"minecraft:obsidian":15,"minecraft:glow_berries":5,"minecraft:mutton":8,"minecraft:white_wool":10,"minecraft:cobblestone":1016,"minecraft:birch_log":23,"minecraft:basalt":4,"minecraft:feather":10,"minecraft:cooked_beef":14,"minecraft:crimson_stem":3,"minecraft:andesite":28,"minecraft:leather":24,"minecraft:smoker":5,"minecraft:birch_planks":370,"minecraft:flint":3,"minecraft:tuff":8,"minecraft:oak_log":63,"minecraft:ancient_debris":1,"minecraft:gunpowder":8,"minecraft:cobblestone_stairs":4,"minecraft:lapis_lazuli":176,"minecraft:stripped_birch_log":1,"minecraft:dirt":41,"minecraft:cooked_mutton":8,"minecraft:bone":21,"minecraft:grindstone":1,"minecraft:bow":2,"minecraft:wheat_seeds":5,"minecraft:raw_gold":23,"minecraft:iron_ingot":3,"minecraft:stone_pickaxe":4,"minecraft:fletching_table":1,"minecraft:glass_bottle":4,"minecraft:oak_planks":44,"minecraft:oak_slab":1,"minecraft:chiseled_polished_blackstone":1,"minecraft:cooked_porkchop":8,"minecraft:quartz":7,"minecraft:gravel":31,"minecraft:spruce_sapling":84,"minecraft:white_bed":2,"minecraft:spruce_log":881,"minecraft:dark_oak_log":45,"minecraft:pumpkin_seeds":2,"minecraft:diamond":13,"minecraft:stone_axe":3,"minecraft:cracked_polished_blackstone_bricks":11,"minecraft:iron_helmet":2,"minecraft:diamond_axe":1,"minecraft:granite":31,"minecraft:golden_apple":2,"minecraft:bread":23,"minecraft:emerald":172,"minecraft:smooth_quartz_slab":1,"minecraft:oak_sapling":17,"minecraft:netherrack":1051,"minecraft:melon_seeds":4,"minecraft:coal":199,"minecraft:crimson_roots":1,"minecraft:diamond_pickaxe":4},"minecraft:used":{"minecraft:oak_fence":1,"minecraft:enchanting_table":1,"minecraft:iron_shovel":40,"minecraft:flint_and_steel":1,"minecraft:chest":4,"minecraft:shield":63,"minecraft:spruce_leaves":1,"minecraft:netherrack":391,"minecraft:oak_door":2,"minecraft:iron_chestplate":3,"minecraft:torch":30,"minecraft:dirt":23,"minecraft:white_carpet":2,"minecraft:tuff":8,"minecraft:granite":5,"minecraft:obsidian":10,"minecraft:wooden_axe":59,"minecraft:iron_axe":228,"minecraft:iron_helmet":1,"minecraft:iron_boots":3,"minecraft:crimson_planks":1,"minecraft:golden_carrot":5,"minecraft:bow":80,"minecraft:oak_sapling":10,"minecraft:furnace":3,"minecraft:minecart":1,"minecraft:egg":3,"minecraft:cooked_beef":12,"minecraft:cobbled_deepslate":162,"minecraft:iron_leggings":3,"minecraft:dark_oak_sapling":4,"minecraft:wheat_seeds":5,"minecraft:diorite":12,"minecraft:cobblestone_stairs":128,"minecraft:birch_planks":49,"minecraft:oak_planks":7,"minecraft:stone_pickaxe":78,"minecraft:sugar_cane":3,"minecraft:wooden_pickaxe":4,"minecraft:diamond_axe":434,"minecraft:fletching_table":4,"minecraft:golden_apple":1,"minecraft:glow_berries":15,"minecraft:oak_slab":1,"minecraft:crafting_table":11,"minecraft:white_bed":2,"minecraft:spruce_log":10,"minecraft:smoker":2,"minecraft:oak_log":5,"minecraft:diamond_pickaxe":2016,"minecraft:bread":23,"minecraft:iron_pickaxe":250,"minecraft:spruce_sapling":70,"minecraft:gravel":7,"minecraft:stone_axe":459,"minecraft:diamond_sword":118,"minecraft:cobblestone":158,"minecraft:grindstone":3,"minecraft:cooked_porkchop":1,"minecraft:andesite":6,"minecraft:chain":7,"minecraft:pumpkin_pie":42,"minecraft:bone_meal":25},"minecraft:killed_by":{"minecraft:player":1,"minecraft:creeper":4,"minecraft:hoglin":2,"minecraft:skeleton":1},"minecraft:broken":{"minecraft:shield":1,"minecraft:diamond_pickaxe":1,"minecraft:iron_axe":1,"minecraft:stone_axe":2,"minecraft:iron_pickaxe":1,"minecraft:wooden_axe":1},"minecraft:crafted":{"minecraft:golden_carrot":21,"minecraft:grindstone":2,"minecraft:oak_planks":160,"minecraft:stone_shovel":12,"minecraft:diamond_hoe":6,"minecraft:furnace":2,"minecraft:cobblestone_stairs":160,"minecraft:stone":3,"minecraft:bone_meal":225,"minecraft:flint_and_steel":1,"minecraft:diamond_helmet":1,"minecraft:diamond_leggings":1,"minecraft:bow":3,"minecraft:iron_boots":1,"minecraft:iron_axe":1,"minecraft:stone_pickaxe":1,"minecraft:chest":5,"minecraft:diamond_boots":1,"minecraft:netherite_scrap":1,"minecraft:dark_oak_planks":180,"minecraft:stone_hoe":12,"minecraft:smoker":1,"minecraft:wheat":108,"minecraft:cooked_beef":12,"minecraft:crimson_planks":12,"minecraft:diamond_sword":1,"minecraft:arrow":128,"minecraft:emerald":238,"minecraft:diamond_axe":1,"minecraft:crafting_table":3,"minecraft:spruce_planks":3484,"minecraft:enchanting_table":1,"minecraft:iron_helmet":1,"minecraft:wooden_pickaxe":1,"minecraft:fletching_table":3,"minecraft:birch_planks":96,"minecraft:stone_axe":3,"minecraft:bread":36,"minecraft:air":0,"minecraft:book":1,"minecraft:iron_chestplate":1,"minecraft:paper":3,"minecraft:diamond_pickaxe":2,"minecraft:shield":2,"minecraft:stick":7540,"minecraft:stone_slab":6,"minecraft:flint":10,"minecraft:iron_ingot":77,"minecraft:iron_pickaxe":2,"minecraft:wooden_axe":2,"minecraft:iron_block":3,"minecraft:iron_shovel":7,"minecraft:gold_ingot":144,"minecraft:iron_leggings":1,"minecraft:torch":24,"minecraft:diamond_chestplate":1},"minecraft:custom":{"minecraft:interact_with_anvil":3,"minecraft:mob_kills":104,"minecraft:interact_with_crafting_table":49,"minecraft:leave_game":11,"minecraft:time_since_death":185649,"minecraft:climb_one_cm":3088,"minecraft:sprint_one_cm":578396,"minecraft:walk_one_cm":677730,"minecraft:damage_blocked_by_shield":2055,"minecraft:drop":42,"minecraft:talked_to_villager":98,"minecraft:play_time":284296,"minecraft:deaths":8,"minecraft:sneak_time":8935,"minecraft:walk_under_water_one_cm":11860,"minecraft:jump":4608,"minecraft:walk_on_water_one_cm":32869,"minecraft:enchant_item":11,"minecraft:total_world_time":284296,"minecraft:interact_with_furnace":59,"minecraft:traded_with_villager":298,"minecraft:interact_with_grindstone":1,"minecraft:time_since_rest":185696,"minecraft:damage_taken":6394,"minecraft:damage_absorbed":40,"minecraft:damage_dealt":14337,"minecraft:swim_one_cm":30032,"minecraft:fly_one_cm":603019,"minecraft:open_chest":90,"minecraft:crouch_one_cm":24024,"minecraft:interact_with_smoker":12,"minecraft:fall_one_cm":121537}},"DataVersion":2975}