{"stats":{"minecraft:dropped":{"minecraft:iron_sword":1,"minecraft:wheat_seeds":6,"minecraft:mossy_cobblestone":3,"minecraft:rotten_flesh":1,"minecraft:cobblestone":16,"minecraft:oak_planks":4,"minecraft:red_mushroom":3,"minecraft:dirt":1,"minecraft:stick":2,"minecraft:hay_block":12,"minecraft:andesite":4,"minecraft:bone":4},"minecraft:crafted":{"minecraft:cooked_beef":27,"minecraft:oak_slab":60,"minecraft:oak_planks":406,"minecraft:cooked_porkchop":14,"minecraft:crafting_table":3,"minecraft:wooden_pickaxe":1,"minecraft:iron_helmet":1,"minecraft:iron_sword":1,"minecraft:furnace":2,"minecraft:birch_planks":40,"minecraft:oak_trapdoor":2,"minecraft:stone_axe":2,"minecraft:air":0,"minecraft:iron_boots":1,"minecraft:iron_chestplate":1,"minecraft:shield":1,"minecraft:stick":48,"minecraft:iron_ingot":19,"minecraft:stone_pickaxe":2,"minecraft:wooden_axe":1,"minecraft:stone_sword":1,"minecraft:chest":1,"minecraft:white_bed":1,"minecraft:torch":84,"minecraft:stone_hoe":1,"minecraft:smoker":1},"minecraft:picked_up":{"minecraft:birch_log":10,"minecraft:crafting_table":9,"minecraft:andesite":8,"minecraft:leather":12,"minecraft:red_mushroom":3,"minecraft:smoker":1,"minecraft:potato":9,"minecraft:oak_log":110,"minecraft:nether_wart_block":2,"minecraft:yellow_bed":6,"minecraft:dirt":12,"minecraft:bone":4,"minecraft:apple":1,"minecraft:kelp":4,"minecraft:wheat_seeds":6,"minecraft:cartography_table":1,"minecraft:iron_ingot":4,"minecraft:beef":27,"minecraft:oak_planks":20,"minecraft:sugar_cane":29,"minecraft:iron_sword":1,"minecraft:oak_slab":3,"minecraft:egg":2,"minecraft:furnace":3,"minecraft:dark_oak_sapling":4,"minecraft:stick":8,"minecraft:raw_iron":22,"minecraft:sandstone":2,"minecraft:pumpkin":5,"minecraft:composter":3,"minecraft:torch":4,"minecraft:porkchop":24,"minecraft:sand":3,"minecraft:diorite":10,"minecraft:white_bed":3,"minecraft:carrot":31,"minecraft:mossy_cobblestone":3,"minecraft:arrow":4,"minecraft:rotten_flesh":1,"minecraft:beetroot_seeds":3,"minecraft:hay_block":56,"minecraft:rooted_dirt":13,"minecraft:oak_sapling":12,"minecraft:mutton":4,"minecraft:coal":167,"minecraft:white_wool":3,"minecraft:cobblestone":127},"minecraft:broken":{"minecraft:stone_pickaxe":1,"minecraft:stone_axe":1},"minecraft:custom":{"minecraft:interact_with_furnace":28,"minecraft:mob_kills":30,"minecraft:interact_with_crafting_table":25,"minecraft:bell_ring":1,"minecraft:leave_game":3,"minecraft:time_since_death":110004,"minecraft:sleep_in_bed":9,"minecraft:time_since_rest":6982,"minecraft:sprint_one_cm":325794,"minecraft:damage_taken":891,"minecraft:walk_one_cm":251298,"minecraft:damage_blocked_by_shield":570,"minecraft:drop":25,"minecraft:damage_dealt":4281,"minecraft:talked_to_villager":6,"minecraft:swim_one_cm":26457,"minecraft:fly_one_cm":415611,"minecraft:open_chest":6,"minecraft:crouch_one_cm":13325,"minecraft:play_time":110004,"minecraft:sneak_time":5085,"minecraft:walk_under_water_one_cm":4128,"minecraft:jump":2108,"minecraft:walk_on_water_one_cm":19479,"minecraft:total_world_time":110004,"minecraft:interact_with_smoker":7,"minecraft:fall_one_cm":47910},"minecraft:killed":{"minecraft:pig":10,"minecraft:spider":1,"minecraft:iron_golem":1,"minecraft:skeleton":3,"minecraft:sheep":3,"minecraft:zombie":1,"minecraft:cow":11},"minecraft:mined":{"minecraft:oak_slab":2,"minecraft:white_bed":3,"minecraft:glass_pane":1,"minecraft:mossy_cobblestone":3,"minecraft:dark_oak_leaves":54,"minecraft:kelp_plant":1,"minecraft:smoker":1,"minecraft:dandelion":1,"minecraft:crafting_table":9,"minecraft:grass_block":5,"minecraft:cobblestone":14,"minecraft:tall_grass":7,"minecraft:cartography_table":1,"minecraft:oak_planks":15,"minecraft:composter":3,"minecraft:sugar_cane":11,"minecraft:diorite":11,"minecraft:sandstone":2,"minecraft:rooted_dirt":13,"minecraft:hay_block":57,"minecraft:furnace":3,"minecraft:carrots":24,"minecraft:nether_wart_block":2,"minecraft:birch_log":10,"minecraft:iron_ore":22,"minecraft:wheat":3,"minecraft:andesite":4,"minecraft:birch_leaves":3,"minecraft:pumpkin":5,"minecraft:yellow_bed":6,"minecraft:grass":16,"minecraft:potatoes":9,"minecraft:oak_log":114,"minecraft:coal_ore":59,"minecraft:beetroots":3,"minecraft:oak_stairs":1,"minecraft:sand":3,"minecraft:dirt":8,"minecraft:red_mushroom_block":4,"minecraft:stone":117,"minecraft:oak_leaves":61},"minecraft:used":{"minecraft:oak_trapdoor":2,"minecraft:stone_sword":39,"minecraft:stone_pickaxe":226,"minecraft:oak_planks":315,"minecraft:chest":1,"minecraft:wooden_pickaxe":18,"minecraft:shield":13,"minecraft:iron_sword":25,"minecraft:stone_hoe":107,"minecraft:iron_chestplate":1,"minecraft:torch":37,"minecraft:oak_slab":63,"minecraft:crafting_table":12,"minecraft:white_bed":4,"minecraft:smoker":1,"minecraft:oak_log":4,"minecraft:wooden_axe":58,"minecraft:bread":1,"minecraft:stone_axe":197,"minecraft:cobblestone":7,"minecraft:furnace":3,"minecraft:cooked_porkchop":11,"minecraft:yellow_bed":6,"minecraft:cooked_beef":6}},"DataVersion":2975}