{"stats":{"minecraft:dropped":{"minecraft:iron_sword":1,"minecraft:oak_planks":4,"minecraft:red_mushroom":3,"minecraft:stick":2,"minecraft:hay_block":12,"minecraft:andesite":4},"minecraft:crafted":{"minecraft:cooked_beef":27,"minecraft:oak_planks":200,"minecraft:cooked_porkchop":14,"minecraft:crafting_table":1,"minecraft:wooden_pickaxe":1,"minecraft:iron_helmet":1,"minecraft:iron_sword":1,"minecraft:furnace":2,"minecraft:birch_planks":40,"minecraft:stone_axe":1,"minecraft:air":0,"minecraft:iron_boots":1,"minecraft:iron_chestplate":1,"minecraft:shield":1,"minecraft:stick":48,"minecraft:iron_ingot":19,"minecraft:stone_pickaxe":2,"minecraft:wooden_axe":1,"minecraft:stone_sword":1,"minecraft:chest":1,"minecraft:white_bed":1,"minecraft:torch":84,"minecraft:stone_hoe":1,"minecraft:smoker":1},"minecraft:picked_up":{"minecraft:birch_log":10,"minecraft:crafting_table":9,"minecraft:andesite":8,"minecraft:leather":12,"minecraft:red_mushroom":3,"minecraft:smoker":1,"minecraft:potato":6,"minecraft:oak_log":58,"minecraft:dirt":11,"minecraft:bone":4,"minecraft:apple":1,"minecraft:kelp":4,"minecraft:wheat_seeds":5,"minecraft:iron_ingot":1,"minecraft:beef":27,"minecraft:oak_planks":4,"minecraft:sugar_cane":29,"minecraft:iron_sword":1,"minecraft:egg":2,"minecraft:furnace":3,"minecraft:dark_oak_sapling":4,"minecraft:stick":8,"minecraft:raw_iron":20,"minecraft:sandstone":2,"minecraft:pumpkin":5,"minecraft:composter":3,"minecraft:porkchop":24,"minecraft:sand":3,"minecraft:diorite":10,"minecraft:white_bed":2,"minecraft:carrot":18,"minecraft:arrow":4,"minecraft:rotten_flesh":1,"minecraft:beetroot_seeds":3,"minecraft:hay_block":56,"minecraft:rooted_dirt":13,"minecraft:oak_sapling":12,"minecraft:mutton":4,"minecraft:coal":167,"minecraft:white_wool":3,"minecraft:cobblestone":94},"minecraft:custom":{"minecraft:interact_with_furnace":28,"minecraft:mob_kills":29,"minecraft:interact_with_crafting_table":22,"minecraft:leave_game":3,"minecraft:time_since_death":86004,"minecraft:sleep_in_bed":7,"minecraft:time_since_rest":8955,"minecraft:sprint_one_cm":280318,"minecraft:damage_taken":751,"minecraft:walk_one_cm":182128,"minecraft:damage_blocked_by_shield":570,"minecraft:drop":18,"minecraft:damage_dealt":3281,"minecraft:swim_one_cm":26457,"minecraft:fly_one_cm":326818,"minecraft:open_chest":4,"minecraft:crouch_one_cm":7283,"minecraft:play_time":86004,"minecraft:sneak_time":3066,"minecraft:walk_under_water_one_cm":4128,"minecraft:jump":1726,"minecraft:walk_on_water_one_cm":19368,"minecraft:total_world_time":86004,"minecraft:interact_with_smoker":7,"minecraft:fall_one_cm":34048},"minecraft:killed":{"minecraft:pig":10,"minecraft:spider":1,"minecraft:skeleton":3,"minecraft:sheep":3,"minecraft:zombie":1,"minecraft:cow":11},"minecraft:mined":{"minecraft:white_bed":2,"minecraft:dark_oak_leaves":54,"minecraft:kelp_plant":1,"minecraft:smoker":1,"minecraft:crafting_table":9,"minecraft:grass_block":5,"minecraft:tall_grass":3,"minecraft:oak_planks":1,"minecraft:composter":3,"minecraft:sugar_cane":11,"minecraft:diorite":11,"minecraft:sandstone":2,"minecraft:rooted_dirt":13,"minecraft:hay_block":57,"minecraft:furnace":3,"minecraft:carrots":18,"minecraft:birch_log":10,"minecraft:iron_ore":20,"minecraft:wheat":2,"minecraft:andesite":4,"minecraft:birch_leaves":3,"minecraft:pumpkin":5,"minecraft:grass":16,"minecraft:potatoes":6,"minecraft:oak_log":58,"minecraft:coal_ore":59,"minecraft:beetroots":3,"minecraft:sand":3,"minecraft:dirt":7,"minecraft:red_mushroom_block":4,"minecraft:stone":98,"minecraft:oak_leaves":61},"minecraft:used":{"minecraft:stone_sword":39,"minecraft:stone_pickaxe":188,"minecraft:oak_planks":189,"minecraft:chest":1,"minecraft:wooden_pickaxe":18,"minecraft:shield":13,"minecraft:iron_sword":13,"minecraft:stone_hoe":107,"minecraft:iron_chestplate":1,"minecraft:torch":24,"minecraft:crafting_table":10,"minecraft:white_bed":3,"minecraft:smoker":1,"minecraft:oak_log":4,"minecraft:wooden_axe":58,"minecraft:bread":1,"minecraft:stone_axe":107,"minecraft:cobblestone":7,"minecraft:furnace":3,"minecraft:cooked_porkchop":11,"minecraft:cooked_beef":4}},"DataVersion":2975}