{"stats":{"minecraft:mined":{"minecraft:white_bed":4,"minecraft:mossy_cobblestone":3,"minecraft:dark_oak_leaves":54,"minecraft:grass_block":189,"minecraft:spruce_leaves":1,"minecraft:cartography_table":1,"minecraft:composter":3,"minecraft:sandstone":2,"minecraft:rooted_dirt":13,"minecraft:hay_block":57,"minecraft:oak_trapdoor":3,"minecraft:furnace":3,"minecraft:carrots":24,"minecraft:iron_ore":24,"minecraft:andesite":9,"minecraft:pumpkin":5,"minecraft:fletching_table":1,"minecraft:potatoes":9,"minecraft:oak_stairs":1,"minecraft:stone":202,"minecraft:oak_slab":3,"minecraft:glass_pane":1,"minecraft:kelp_plant":1,"minecraft:smoker":1,"minecraft:dandelion":2,"minecraft:crafting_table":9,"minecraft:torch":1,"minecraft:tall_grass":31,"minecraft:copper_ore":2,"minecraft:cobblestone":27,"minecraft:sugar_cane":11,"minecraft:oak_planks":208,"minecraft:diorite":77,"minecraft:wall_torch":16,"minecraft:nether_wart_block":2,"minecraft:birch_log":10,"minecraft:wheat":3,"minecraft:spruce_log":93,"minecraft:birch_leaves":3,"minecraft:yellow_bed":9,"minecraft:grass":57,"minecraft:oak_log":114,"minecraft:coal_ore":59,"minecraft:beetroots":3,"minecraft:gravel":39,"minecraft:sand":44,"minecraft:dirt":108,"minecraft:red_mushroom_block":4,"minecraft:oak_leaves":61},"minecraft:killed":{"minecraft:spider":1,"minecraft:skeleton":4,"minecraft:pig":10,"minecraft:iron_golem":1,"minecraft:sheep":3,"minecraft:zombie":1,"minecraft:cow":11},"minecraft:dropped":{"minecraft:iron_sword":1,"minecraft:oak_slab":1,"minecraft:wheat_seeds":15,"minecraft:mossy_cobblestone":3,"minecraft:crafting_table":1,"minecraft:dark_oak_sapling":4,"minecraft:oak_fence":5,"minecraft:cobblestone":16,"minecraft:red_mushroom":3,"minecraft:stick":18,"minecraft:dirt":1,"minecraft:mutton":4,"minecraft:nether_wart_block":2,"minecraft:white_wool":1,"minecraft:bone":4,"minecraft:stone_axe":1,"minecraft:raw_copper":18,"minecraft:white_carpet":2,"minecraft:rotten_flesh":1,"minecraft:oak_planks":16,"minecraft:hay_block":12,"minecraft:beetroot_seeds":9,"minecraft:andesite":9,"minecraft:egg":2},"minecraft:picked_up":{"minecraft:crafting_table":10,"minecraft:oak_trapdoor":3,"minecraft:raw_copper":27,"minecraft:cartography_table":1,"minecraft:beef":27,"minecraft:oak_boat":1,"minecraft:sugar_cane":29,"minecraft:furnace":3,"minecraft:egg":2,"minecraft:dark_oak_sapling":4,"minecraft:stick":19,"minecraft:raw_iron":24,"minecraft:sandstone":2,"minecraft:composter":3,"minecraft:torch":24,"minecraft:porkchop":24,"minecraft:diorite":74,"minecraft:carrot":31,"minecraft:arrow":6,"minecraft:rotten_flesh":1,"minecraft:beetroot_seeds":9,"minecraft:hay_block":56,"minecraft:mutton":4,"minecraft:cobblestone":225,"minecraft:white_wool":11,"minecraft:birch_log":10,"minecraft:andesite":13,"minecraft:leather":12,"minecraft:smoker":1,"minecraft:red_mushroom":3,"minecraft:potato":9,"minecraft:flint":7,"minecraft:oak_log":110,"minecraft:yellow_bed":9,"minecraft:nether_wart_block":2,"minecraft:dirt":289,"minecraft:bone":4,"minecraft:apple":1,"minecraft:kelp":4,"minecraft:wheat_seeds":15,"minecraft:iron_ingot":4,"minecraft:fletching_table":1,"minecraft:iron_sword":1,"minecraft:oak_planks":208,"minecraft:oak_slab":4,"minecraft:pumpkin":5,"minecraft:dandelion":1,"minecraft:gravel":64,"minecraft:sand":44,"minecraft:white_bed":4,"minecraft:spruce_log":93,"minecraft:mossy_cobblestone":3,"minecraft:stone_axe":1,"minecraft:rooted_dirt":13,"minecraft:oak_sapling":12,"minecraft:coal":167},"minecraft:used":{"minecraft:oak_trapdoor":10,"minecraft:oak_fence":1,"minecraft:stone_sword":39,"minecraft:iron_shovel":257,"minecraft:stone_shovel":39,"minecraft:ladder":9,"minecraft:chest":4,"minecraft:shield":15,"minecraft:iron_sword":27,"minecraft:stone_hoe":107,"minecraft:iron_chestplate":1,"minecraft:torch":75,"minecraft:dirt":273,"minecraft:white_carpet":4,"minecraft:glass":12,"minecraft:wooden_axe":88,"minecraft:furnace":5,"minecraft:cooked_beef":13,"minecraft:water_bucket":2,"minecraft:stone_pickaxe":395,"minecraft:oak_planks":341,"minecraft:wooden_pickaxe":25,"minecraft:fletching_table":1,"minecraft:oak_slab":69,"minecraft:crafting_table":15,"minecraft:white_bed":5,"minecraft:smoker":1,"minecraft:oak_log":4,"minecraft:bread":1,"minecraft:stone_axe":460,"minecraft:cobblestone":110,"minecraft:cooked_porkchop":13,"minecraft:bucket":2,"minecraft:yellow_bed":10,"minecraft:oak_boat":2},"minecraft:broken":{"minecraft:iron_shovel":1,"minecraft:stone_pickaxe":3,"minecraft:stone_axe":3,"minecraft:wooden_axe":1},"minecraft:crafted":{"minecraft:oak_planks":406,"minecraft:stone_shovel":1,"minecraft:furnace":3,"minecraft:yellow_bed":1,"minecraft:white_carpet":6,"minecraft:oak_trapdoor":8,"minecraft:glass":41,"minecraft:iron_boots":1,"minecraft:ladder":9,"minecraft:stone_pickaxe":3,"minecraft:chest":4,"minecraft:stone_hoe":1,"minecraft:oak_fence":6,"minecraft:smoker":1,"minecraft:cooked_beef":27,"minecraft:oak_slab":66,"minecraft:emerald":25,"minecraft:cooked_porkchop":24,"minecraft:crafting_table":7,"minecraft:spruce_planks":372,"minecraft:wooden_pickaxe":1,"minecraft:iron_helmet":1,"minecraft:iron_sword":1,"minecraft:bucket":1,"minecraft:birch_planks":40,"minecraft:stone_axe":4,"minecraft:air":0,"minecraft:oak_boat":2,"minecraft:iron_chestplate":1,"minecraft:yellow_dye":1,"minecraft:shield":1,"minecraft:stick":968,"minecraft:iron_ingot":22,"minecraft:wooden_axe":1,"minecraft:stone_sword":1,"minecraft:iron_shovel":1,"minecraft:white_bed":2,"minecraft:torch":84,"minecraft:shears":1},"minecraft:custom":{"minecraft:mob_kills":31,"minecraft:interact_with_crafting_table":49,"minecraft:bell_ring":1,"minecraft:leave_game":10,"minecraft:time_since_death":204052,"minecraft:climb_one_cm":3551,"minecraft:sprint_one_cm":492638,"minecraft:walk_one_cm":453420,"minecraft:damage_blocked_by_shield":660,"minecraft:drop":48,"minecraft:talked_to_villager":18,"minecraft:play_time":204052,"minecraft:sneak_time":10170,"minecraft:walk_under_water_one_cm":5216,"minecraft:boat_one_cm":9975,"minecraft:jump":3291,"minecraft:walk_on_water_one_cm":22446,"minecraft:enchant_item":1,"minecraft:total_world_time":204052,"minecraft:interact_with_furnace":42,"minecraft:traded_with_villager":25,"minecraft:sleep_in_bed":15,"minecraft:time_since_rest":23878,"minecraft:damage_taken":1168,"minecraft:damage_dealt":4471,"minecraft:swim_one_cm":30075,"minecraft:fly_one_cm":662534,"minecraft:open_chest":30,"minecraft:crouch_one_cm":30127,"minecraft:interact_with_smoker":7,"minecraft:fall_one_cm":75013}},"DataVersion":2975}