{"stats":{"minecraft:dropped":{"minecraft:iron_sword":1,"minecraft:wheat_seeds":12,"minecraft:mossy_cobblestone":3,"minecraft:dark_oak_sapling":4,"minecraft:cobblestone":16,"minecraft:red_mushroom":3,"minecraft:stick":2,"minecraft:dirt":1,"minecraft:nether_wart_block":2,"minecraft:bone":4,"minecraft:rotten_flesh":1,"minecraft:oak_planks":16,"minecraft:hay_block":12,"minecraft:beetroot_seeds":9,"minecraft:andesite":4},"minecraft:crafted":{"minecraft:oak_planks":406,"minecraft:furnace":3,"minecraft:oak_trapdoor":2,"minecraft:iron_boots":1,"minecraft:stone_pickaxe":3,"minecraft:chest":2,"minecraft:stone_hoe":1,"minecraft:smoker":1,"minecraft:cooked_beef":27,"minecraft:oak_slab":66,"minecraft:cooked_porkchop":14,"minecraft:crafting_table":5,"minecraft:wooden_pickaxe":1,"minecraft:iron_helmet":1,"minecraft:iron_sword":1,"minecraft:birch_planks":40,"minecraft:stone_axe":3,"minecraft:air":0,"minecraft:oak_boat":2,"minecraft:iron_chestplate":1,"minecraft:shield":1,"minecraft:stick":48,"minecraft:iron_ingot":19,"minecraft:wooden_axe":1,"minecraft:stone_sword":1,"minecraft:iron_shovel":1,"minecraft:white_bed":1,"minecraft:torch":84,"minecraft:shears":1},"minecraft:picked_up":{"minecraft:crafting_table":9,"minecraft:raw_copper":9,"minecraft:cartography_table":1,"minecraft:beef":27,"minecraft:sugar_cane":29,"minecraft:egg":2,"minecraft:furnace":3,"minecraft:dark_oak_sapling":4,"minecraft:stick":8,"minecraft:raw_iron":22,"minecraft:sandstone":2,"minecraft:composter":3,"minecraft:torch":5,"minecraft:porkchop":24,"minecraft:diorite":10,"minecraft:carrot":31,"minecraft:arrow":4,"minecraft:rotten_flesh":1,"minecraft:beetroot_seeds":9,"minecraft:hay_block":56,"minecraft:mutton":4,"minecraft:cobblestone":175,"minecraft:white_wool":11,"minecraft:birch_log":10,"minecraft:andesite":8,"minecraft:leather":12,"minecraft:red_mushroom":3,"minecraft:smoker":1,"minecraft:potato":9,"minecraft:oak_log":110,"minecraft:nether_wart_block":2,"minecraft:yellow_bed":6,"minecraft:dirt":105,"minecraft:bone":4,"minecraft:apple":1,"minecraft:kelp":4,"minecraft:wheat_seeds":12,"minecraft:iron_ingot":4,"minecraft:fletching_table":1,"minecraft:oak_planks":184,"minecraft:iron_sword":1,"minecraft:oak_slab":3,"minecraft:pumpkin":5,"minecraft:sand":44,"minecraft:white_bed":3,"minecraft:mossy_cobblestone":3,"minecraft:rooted_dirt":13,"minecraft:oak_sapling":12,"minecraft:coal":167},"minecraft:broken":{"minecraft:stone_pickaxe":2,"minecraft:stone_axe":2,"minecraft:wooden_axe":1},"minecraft:custom":{"minecraft:mob_kills":30,"minecraft:interact_with_crafting_table":34,"minecraft:bell_ring":1,"minecraft:leave_game":4,"minecraft:time_since_death":145050,"minecraft:sprint_one_cm":406601,"minecraft:walk_one_cm":323094,"minecraft:damage_blocked_by_shield":570,"minecraft:drop":33,"minecraft:talked_to_villager":7,"minecraft:play_time":145050,"minecraft:sneak_time":7447,"minecraft:walk_under_water_one_cm":5216,"minecraft:boat_one_cm":9975,"minecraft:jump":2628,"minecraft:walk_on_water_one_cm":22446,"minecraft:enchant_item":1,"minecraft:total_world_time":145050,"minecraft:interact_with_furnace":32,"minecraft:sleep_in_bed":12,"minecraft:time_since_rest":16769,"minecraft:damage_taken":960,"minecraft:damage_dealt":4281,"minecraft:swim_one_cm":30075,"minecraft:fly_one_cm":539005,"minecraft:open_chest":9,"minecraft:crouch_one_cm":23572,"minecraft:interact_with_smoker":7,"minecraft:fall_one_cm":59460},"minecraft:killed":{"minecraft:spider":1,"minecraft:skeleton":3,"minecraft:pig":10,"minecraft:iron_golem":1,"minecraft:sheep":3,"minecraft:zombie":1,"minecraft:cow":11},"minecraft:mined":{"minecraft:white_bed":3,"minecraft:mossy_cobblestone":3,"minecraft:dark_oak_leaves":54,"minecraft:grass_block":66,"minecraft:composter":3,"minecraft:cartography_table":1,"minecraft:sandstone":2,"minecraft:rooted_dirt":13,"minecraft:hay_block":57,"minecraft:furnace":3,"minecraft:carrots":24,"minecraft:iron_ore":22,"minecraft:andesite":4,"minecraft:pumpkin":5,"minecraft:fletching_table":1,"minecraft:potatoes":9,"minecraft:oak_stairs":1,"minecraft:stone":165,"minecraft:oak_slab":2,"minecraft:glass_pane":1,"minecraft:kelp_plant":1,"minecraft:smoker":1,"minecraft:dandelion":1,"minecraft:crafting_table":9,"minecraft:copper_ore":2,"minecraft:tall_grass":17,"minecraft:cobblestone":14,"minecraft:sugar_cane":11,"minecraft:oak_planks":183,"minecraft:diorite":11,"minecraft:nether_wart_block":2,"minecraft:birch_log":10,"minecraft:wheat":3,"minecraft:birch_leaves":3,"minecraft:yellow_bed":6,"minecraft:grass":24,"minecraft:oak_log":114,"minecraft:coal_ore":59,"minecraft:beetroots":3,"minecraft:gravel":2,"minecraft:sand":44,"minecraft:dirt":42,"minecraft:red_mushroom_block":4,"minecraft:oak_leaves":61},"minecraft:used":{"minecraft:oak_trapdoor":2,"minecraft:stone_sword":39,"minecraft:iron_shovel":132,"minecraft:chest":2,"minecraft:shield":13,"minecraft:iron_sword":25,"minecraft:stone_hoe":107,"minecraft:iron_chestplate":1,"minecraft:torch":41,"minecraft:dirt":92,"minecraft:wooden_axe":88,"minecraft:furnace":5,"minecraft:cooked_beef":9,"minecraft:stone_pickaxe":272,"minecraft:oak_planks":316,"minecraft:wooden_pickaxe":23,"minecraft:fletching_table":1,"minecraft:oak_slab":63,"minecraft:crafting_table":14,"minecraft:white_bed":4,"minecraft:smoker":1,"minecraft:oak_log":4,"minecraft:bread":1,"minecraft:stone_axe":336,"minecraft:cobblestone":76,"minecraft:cooked_porkchop":11,"minecraft:yellow_bed":6,"minecraft:oak_boat":2}},"DataVersion":2975}