{"stats":{"minecraft:mined":{"minecraft:white_bed":4,"minecraft:mossy_cobblestone":3,"minecraft:dark_oak_leaves":54,"minecraft:grass_block":228,"minecraft:spruce_leaves":33,"minecraft:cartography_table":1,"minecraft:composter":3,"minecraft:sandstone":2,"minecraft:rooted_dirt":13,"minecraft:hay_block":57,"minecraft:oak_trapdoor":3,"minecraft:furnace":3,"minecraft:carrots":24,"minecraft:iron_ore":24,"minecraft:andesite":9,"minecraft:pumpkin":5,"minecraft:fletching_table":1,"minecraft:potatoes":9,"minecraft:oak_stairs":1,"minecraft:stone":276,"minecraft:podzol":232,"minecraft:oak_slab":3,"minecraft:glass_pane":1,"minecraft:kelp_plant":1,"minecraft:smoker":1,"minecraft:dandelion":2,"minecraft:crafting_table":9,"minecraft:torch":1,"minecraft:tall_grass":31,"minecraft:copper_ore":2,"minecraft:cobblestone":27,"minecraft:sugar_cane":11,"minecraft:oak_planks":208,"minecraft:diorite":77,"minecraft:wall_torch":16,"minecraft:nether_wart_block":2,"minecraft:birch_log":10,"minecraft:wheat":3,"minecraft:spruce_log":333,"minecraft:birch_leaves":3,"minecraft:yellow_bed":9,"minecraft:grass":58,"minecraft:oak_log":114,"minecraft:coal_ore":59,"minecraft:beetroots":3,"minecraft:gravel":39,"minecraft:sand":110,"minecraft:dirt":279,"minecraft:red_mushroom_block":4,"minecraft:oak_leaves":61},"minecraft:killed":{"minecraft:spider":1,"minecraft:skeleton":4,"minecraft:pig":10,"minecraft:iron_golem":1,"minecraft:sheep":3,"minecraft:zombie":1,"minecraft:cow":11},"minecraft:dropped":{"minecraft:iron_sword":1,"minecraft:oak_slab":1,"minecraft:wheat_seeds":16,"minecraft:mossy_cobblestone":3,"minecraft:crafting_table":2,"minecraft:dark_oak_sapling":4,"minecraft:oak_fence":5,"minecraft:cobblestone":21,"minecraft:red_mushroom":3,"minecraft:stick":59,"minecraft:dirt":634,"minecraft:mutton":4,"minecraft:nether_wart_block":2,"minecraft:white_wool":1,"minecraft:bone":4,"minecraft:stone_axe":1,"minecraft:raw_copper":18,"minecraft:white_carpet":2,"minecraft:rotten_flesh":1,"minecraft:oak_planks":16,"minecraft:hay_block":12,"minecraft:beetroot_seeds":9,"minecraft:andesite":9,"minecraft:oak_sapling":12,"minecraft:egg":2},"minecraft:picked_up":{"minecraft:crafting_table":11,"minecraft:oak_trapdoor":3,"minecraft:raw_copper":27,"minecraft:cartography_table":1,"minecraft:beef":27,"minecraft:oak_boat":1,"minecraft:sugar_cane":29,"minecraft:furnace":3,"minecraft:egg":2,"minecraft:dark_oak_sapling":4,"minecraft:stick":76,"minecraft:raw_iron":24,"minecraft:sandstone":2,"minecraft:composter":3,"minecraft:torch":24,"minecraft:porkchop":24,"minecraft:diorite":74,"minecraft:carrot":31,"minecraft:arrow":6,"minecraft:rotten_flesh":1,"minecraft:beetroot_seeds":9,"minecraft:hay_block":56,"minecraft:mutton":4,"minecraft:cobblestone":294,"minecraft:white_wool":11,"minecraft:birch_log":10,"minecraft:andesite":13,"minecraft:leather":12,"minecraft:smoker":1,"minecraft:red_mushroom":3,"minecraft:potato":9,"minecraft:flint":7,"minecraft:oak_log":110,"minecraft:yellow_bed":9,"minecraft:nether_wart_block":2,"minecraft:dirt":1156,"minecraft:bone":4,"minecraft:apple":1,"minecraft:kelp":4,"minecraft:wheat_seeds":18,"minecraft:iron_ingot":4,"minecraft:fletching_table":1,"minecraft:iron_sword":1,"minecraft:oak_planks":208,"minecraft:oak_slab":4,"minecraft:pumpkin":5,"minecraft:dandelion":1,"minecraft:gravel":64,"minecraft:sand":44,"minecraft:spruce_sapling":33,"minecraft:white_bed":4,"minecraft:spruce_log":330,"minecraft:mossy_cobblestone":3,"minecraft:stone_axe":1,"minecraft:rooted_dirt":13,"minecraft:oak_sapling":24,"minecraft:coal":167},"minecraft:used":{"minecraft:oak_trapdoor":10,"minecraft:oak_fence":1,"minecraft:stone_sword":39,"minecraft:iron_shovel":765,"minecraft:stone_shovel":39,"minecraft:ladder":9,"minecraft:chest":4,"minecraft:shield":15,"minecraft:iron_sword":27,"minecraft:stone_hoe":107,"minecraft:iron_chestplate":1,"minecraft:torch":75,"minecraft:dirt":280,"minecraft:white_carpet":4,"minecraft:glass":12,"minecraft:wooden_axe":88,"minecraft:golden_carrot":2,"minecraft:furnace":5,"minecraft:cooked_beef":13,"minecraft:water_bucket":2,"minecraft:stone_pickaxe":395,"minecraft:oak_planks":341,"minecraft:wooden_pickaxe":30,"minecraft:diamond_axe":247,"minecraft:fletching_table":1,"minecraft:oak_slab":69,"minecraft:crafting_table":15,"minecraft:white_bed":5,"minecraft:spruce_log":5,"minecraft:smoker":1,"minecraft:oak_log":4,"minecraft:diamond_pickaxe":69,"minecraft:bread":1,"minecraft:spruce_sapling":16,"minecraft:stone_axe":460,"minecraft:cobblestone":110,"minecraft:cooked_porkchop":13,"minecraft:bucket":2,"minecraft:yellow_bed":10,"minecraft:oak_boat":2},"minecraft:broken":{"minecraft:iron_shovel":1,"minecraft:stone_pickaxe":3,"minecraft:stone_axe":3,"minecraft:wooden_axe":1},"minecraft:crafted":{"minecraft:golden_carrot":15,"minecraft:oak_planks":406,"minecraft:stone_shovel":1,"minecraft:furnace":3,"minecraft:yellow_bed":1,"minecraft:white_carpet":6,"minecraft:oak_trapdoor":8,"minecraft:glass":41,"minecraft:iron_boots":1,"minecraft:ladder":9,"minecraft:stone_pickaxe":3,"minecraft:chest":4,"minecraft:stone_hoe":1,"minecraft:oak_fence":6,"minecraft:smoker":1,"minecraft:cooked_beef":27,"minecraft:oak_slab":66,"minecraft:emerald":82,"minecraft:cooked_porkchop":24,"minecraft:diamond_axe":1,"minecraft:crafting_table":7,"minecraft:spruce_planks":1300,"minecraft:wooden_pickaxe":1,"minecraft:iron_helmet":1,"minecraft:iron_sword":1,"minecraft:bucket":1,"minecraft:birch_planks":40,"minecraft:stone_axe":4,"minecraft:air":0,"minecraft:oak_boat":2,"minecraft:iron_chestplate":1,"minecraft:diamond_pickaxe":1,"minecraft:yellow_dye":1,"minecraft:shield":1,"minecraft:stick":2822,"minecraft:iron_ingot":23,"minecraft:wooden_axe":1,"minecraft:stone_sword":1,"minecraft:iron_shovel":1,"minecraft:white_bed":2,"minecraft:torch":84,"minecraft:shears":1},"minecraft:custom":{"minecraft:mob_kills":31,"minecraft:interact_with_crafting_table":49,"minecraft:bell_ring":1,"minecraft:leave_game":11,"minecraft:time_since_death":231221,"minecraft:climb_one_cm":3551,"minecraft:sprint_one_cm":537243,"minecraft:walk_one_cm":525811,"minecraft:damage_blocked_by_shield":660,"minecraft:drop":64,"minecraft:talked_to_villager":38,"minecraft:play_time":231221,"minecraft:sneak_time":10218,"minecraft:walk_under_water_one_cm":5216,"minecraft:boat_one_cm":9975,"minecraft:jump":3528,"minecraft:walk_on_water_one_cm":22446,"minecraft:enchant_item":1,"minecraft:total_world_time":231221,"minecraft:interact_with_furnace":44,"minecraft:traded_with_villager":89,"minecraft:sleep_in_bed":16,"minecraft:time_since_rest":3042,"minecraft:damage_taken":1228,"minecraft:damage_dealt":4471,"minecraft:swim_one_cm":30075,"minecraft:fly_one_cm":700082,"minecraft:open_chest":33,"minecraft:crouch_one_cm":30498,"minecraft:interact_with_smoker":7,"minecraft:fall_one_cm":81139}},"DataVersion":2975}