{"stats":{"minecraft:dropped":{"minecraft:furnace":1,"minecraft:stone_axe":1,"minecraft:birch_planks":75,"minecraft:lapis_lazuli":20,"minecraft:cooked_beef":7,"minecraft:oak_log":5,"minecraft:detector_rail":1,"minecraft:cobbled_deepslate":3,"minecraft:tuff":4,"minecraft:raw_iron":12,"minecraft:rotten_flesh":1,"minecraft:feather":2,"minecraft:cobblestone":29,"minecraft:oak_planks":19,"minecraft:cooked_mutton":4,"minecraft:coal":10,"minecraft:diorite":12,"minecraft:torch":5,"minecraft:rose_bush":1,"minecraft:wooden_pickaxe":1,"minecraft:iron_shovel":1,"minecraft:white_wool":2,"minecraft:egg":1,"minecraft:redstone":1,"minecraft:bone":2},"minecraft:crafted":{"minecraft:oak_planks":96,"minecraft:cooked_porkchop":7,"minecraft:crafting_table":2,"minecraft:wooden_pickaxe":3,"minecraft:cooked_chicken":1,"minecraft:iron_sword":1,"minecraft:furnace":2,"minecraft:birch_planks":76,"minecraft:stone_axe":2,"minecraft:air":0,"minecraft:shield":2,"minecraft:stick":20,"minecraft:iron_ingot":8,"minecraft:iron_pickaxe":2,"minecraft:stone_pickaxe":3,"minecraft:diamond_chestplate":1},"minecraft:picked_up":{"minecraft:birch_log":19,"minecraft:crafting_table":12,"minecraft:feather":2,"minecraft:cooked_beef":7,"minecraft:chicken":1,"minecraft:andesite":26,"minecraft:wooden_pickaxe":2,"minecraft:birch_planks":120,"minecraft:flint":1,"minecraft:tuff":4,"minecraft:oak_log":29,"minecraft:gunpowder":2,"minecraft:lapis_lazuli":20,"minecraft:dirt":31,"minecraft:raw_copper":3,"minecraft:cooked_mutton":8,"minecraft:iron_shovel":1,"minecraft:bone":4,"minecraft:activator_rail":1,"minecraft:wheat_seeds":1,"minecraft:cobbled_deepslate":46,"minecraft:detector_rail":1,"minecraft:raw_gold":4,"minecraft:iron_ingot":3,"minecraft:rose_bush":2,"minecraft:minecart":2,"minecraft:powered_rail":6,"minecraft:sugar_cane":21,"minecraft:chest":4,"minecraft:iron_sword":1,"minecraft:oak_planks":20,"minecraft:furnace":5,"minecraft:egg":1,"minecraft:stick":2,"minecraft:raw_iron":32,"minecraft:cooked_porkchop":3,"minecraft:torch":20,"minecraft:gravel":9,"minecraft:porkchop":9,"minecraft:diorite":25,"minecraft:redstone":11,"minecraft:arrow":3,"minecraft:rotten_flesh":9,"minecraft:diamond":8,"minecraft:stone_axe":1,"minecraft:granite":15,"minecraft:bread":4,"minecraft:oak_sapling":3,"minecraft:glow_berries":12,"minecraft:coal":20,"minecraft:rail":18,"minecraft:white_wool":2,"minecraft:cobblestone":195},"minecraft:broken":{"minecraft:stone_pickaxe":1,"minecraft:wooden_pickaxe":1},"minecraft:custom":{"minecraft:interact_with_furnace":21,"minecraft:mob_kills":17,"minecraft:interact_with_crafting_table":18,"minecraft:leave_game":4,"minecraft:time_since_death":48417,"minecraft:time_since_rest":49442,"minecraft:sprint_one_cm":197095,"minecraft:damage_taken":1832,"minecraft:walk_one_cm":191267,"minecraft:damage_blocked_by_shield":4022,"minecraft:drop":27,"minecraft:damage_dealt":2920,"minecraft:swim_one_cm":13200,"minecraft:player_kills":1,"minecraft:fly_one_cm":96817,"minecraft:crouch_one_cm":4379,"minecraft:play_time":88624,"minecraft:deaths":1,"minecraft:sneak_time":2903,"minecraft:walk_under_water_one_cm":9501,"minecraft:jump":1028,"minecraft:walk_on_water_one_cm":14866,"minecraft:fall_one_cm":24572,"minecraft:total_world_time":88624,"minecraft:interact_with_smoker":2},"minecraft:killed":{"minecraft:pig":5,"minecraft:spider":2,"minecraft:skeleton":3,"minecraft:zombie":6,"minecraft:chicken":1},"minecraft:mined":{"minecraft:deepslate_redstone_ore":2,"minecraft:tuff":4,"minecraft:deepslate_diamond_ore":7,"minecraft:crafting_table":11,"minecraft:granite":15,"minecraft:grass_block":7,"minecraft:rose_bush":1,"minecraft:tall_grass":1,"minecraft:copper_ore":1,"minecraft:cobblestone":12,"minecraft:deepslate_gold_ore":4,"minecraft:oak_planks":2,"minecraft:moss_block":2,"minecraft:sugar_cane":2,"minecraft:diorite":19,"minecraft:furnace":4,"minecraft:birch_log":19,"minecraft:birch_leaves":1,"minecraft:andesite":27,"minecraft:grass":10,"minecraft:oak_log":25,"minecraft:deepslate_iron_ore":25,"minecraft:gravel":12,"minecraft:dirt":12,"minecraft:azalea":1,"minecraft:stone":161,"minecraft:oak_leaves":2,"minecraft:deepslate":27},"minecraft:used":{"minecraft:diorite":1,"minecraft:cooked_mutton":4,"minecraft:stone_pickaxe":214,"minecraft:birch_planks":24,"minecraft:oak_planks":14,"minecraft:wooden_pickaxe":92,"minecraft:shield":48,"minecraft:iron_sword":1,"minecraft:cooked_chicken":1,"minecraft:rotten_flesh":3,"minecraft:glow_berries":3,"minecraft:torch":16,"minecraft:dirt":22,"minecraft:crafting_table":12,"minecraft:bread":4,"minecraft:iron_pickaxe":63,"minecraft:gravel":4,"minecraft:stone_axe":77,"minecraft:diamond_chestplate":1,"minecraft:cobblestone":127,"minecraft:furnace":5,"minecraft:cooked_porkchop":10,"minecraft:andesite":10,"minecraft:cobbled_deepslate":38},"minecraft:killed_by":{"minecraft:zombie":1}},"DataVersion":2975}