{"stats":{"minecraft:mined":{"minecraft:tuff":4,"minecraft:white_bed":1,"minecraft:deepslate_diamond_ore":7,"minecraft:granite":15,"minecraft:grass_block":102,"minecraft:spruce_leaves":144,"minecraft:composter":1,"minecraft:moss_block":2,"minecraft:crimson_stem":11,"minecraft:spruce_sapling":2,"minecraft:furnace":4,"minecraft:cobbled_deepslate":4,"minecraft:andesite":27,"minecraft:stripped_spruce_log":3,"minecraft:dirt_path":11,"minecraft:deepslate_iron_ore":25,"minecraft:oak_stairs":1,"minecraft:azalea":1,"minecraft:stone":161,"minecraft:podzol":145,"minecraft:deepslate_redstone_ore":2,"minecraft:oak_slab":1,"minecraft:crafting_table":11,"minecraft:rose_bush":1,"minecraft:tall_grass":9,"minecraft:copper_ore":1,"minecraft:cobblestone":15,"minecraft:deepslate_gold_ore":4,"minecraft:sugar_cane":9,"minecraft:oak_planks":2,"minecraft:diorite":19,"minecraft:wall_torch":1,"minecraft:birch_log":19,"minecraft:wheat":3,"minecraft:spruce_log":847,"minecraft:birch_leaves":1,"minecraft:grass":72,"minecraft:oak_log":76,"minecraft:beetroots":3,"minecraft:sand":8,"minecraft:gravel":23,"minecraft:dirt":175,"minecraft:oak_leaves":3,"minecraft:deepslate":27},"minecraft:broken":{"minecraft:shears":1,"minecraft:wooden_pickaxe":1,"minecraft:stone_pickaxe":1,"minecraft:stone_axe":1},"minecraft:crafted":{"minecraft:golden_carrot":27,"minecraft:oak_planks":296,"minecraft:stone_shovel":7,"minecraft:cooked_chicken":1,"minecraft:furnace":3,"minecraft:bone_meal":9,"minecraft:suspicious_stew":12,"minecraft:stone_pickaxe":3,"minecraft:stone_hoe":3,"minecraft:birch_sign":3,"minecraft:oak_slab":12,"minecraft:emerald":209,"minecraft:cooked_porkchop":8,"minecraft:diamond_axe":2,"minecraft:crafting_table":2,"minecraft:spruce_planks":3332,"minecraft:wooden_pickaxe":3,"minecraft:iron_sword":1,"minecraft:bell":1,"minecraft:smithing_table":1,"minecraft:cooked_salmon":5,"minecraft:birch_planks":76,"minecraft:stone_axe":2,"minecraft:bread":60,"minecraft:air":0,"minecraft:apple":116,"minecraft:golden_apple":2,"minecraft:shield":2,"minecraft:stick":6460,"minecraft:iron_ingot":19,"minecraft:iron_pickaxe":2,"minecraft:iron_shovel":4,"minecraft:gold_ingot":21,"minecraft:pumpkin_pie":48,"minecraft:composter":1,"minecraft:shears":1,"minecraft:diamond_chestplate":1},"minecraft:custom":{"minecraft:interact_with_smithing_table":1,"minecraft:mob_kills":26,"minecraft:animals_bred":1,"minecraft:interact_with_crafting_table":33,"minecraft:leave_game":5,"minecraft:time_since_death":170736,"minecraft:climb_one_cm":1281,"minecraft:sprint_one_cm":381703,"minecraft:walk_one_cm":420962,"minecraft:damage_blocked_by_shield":4022,"minecraft:drop":41,"minecraft:talked_to_villager":80,"minecraft:play_time":210943,"minecraft:deaths":1,"minecraft:sneak_time":4893,"minecraft:walk_under_water_one_cm":15162,"minecraft:jump":2354,"minecraft:walk_on_water_one_cm":18656,"minecraft:enchant_item":1,"minecraft:total_world_time":210943,"minecraft:interact_with_furnace":35,"minecraft:traded_with_villager":296,"minecraft:sleep_in_bed":4,"minecraft:time_since_rest":666,"minecraft:damage_taken":2467,"minecraft:damage_dealt":3517,"minecraft:swim_one_cm":46415,"minecraft:player_kills":1,"minecraft:fly_one_cm":286283,"minecraft:open_chest":45,"minecraft:crouch_one_cm":11839,"minecraft:interact_with_smoker":2,"minecraft:fall_one_cm":65848},"minecraft:killed_by":{"minecraft:zombie":1},"minecraft:dropped":{"minecraft:stone_hoe":3,"minecraft:birch_planks":75,"minecraft:lapis_lazuli":20,"minecraft:diamond_axe":2,"minecraft:cooked_beef":7,"minecraft:oak_log":5,"minecraft:feather":2,"minecraft:cobblestone":29,"minecraft:coal":10,"minecraft:diorite":12,"minecraft:torch":7,"minecraft:rose_bush":1,"minecraft:iron_shovel":1,"minecraft:white_wool":2,"minecraft:redstone":1,"minecraft:bone":2,"minecraft:furnace":1,"minecraft:stone_axe":1,"minecraft:detector_rail":1,"minecraft:cobbled_deepslate":3,"minecraft:tuff":4,"minecraft:raw_iron":12,"minecraft:stone_shovel":6,"minecraft:rotten_flesh":1,"minecraft:oak_planks":19,"minecraft:cooked_mutton":4,"minecraft:oak_boat":1,"minecraft:wooden_pickaxe":1,"minecraft:egg":1},"minecraft:killed":{"minecraft:spider":2,"minecraft:skeleton":3,"minecraft:chicken":1,"minecraft:pig":6,"minecraft:salmon":5,"minecraft:zombie":7,"minecraft:cow":1},"minecraft:picked_up":{"minecraft:spruce_leaves":79,"minecraft:crafting_table":12,"minecraft:wheat":2,"minecraft:chicken":1,"minecraft:wooden_pickaxe":2,"minecraft:oak_stairs":1,"minecraft:raw_copper":3,"minecraft:iron_shovel":1,"minecraft:beetroot":3,"minecraft:activator_rail":1,"minecraft:cobbled_deepslate":50,"minecraft:detector_rail":1,"minecraft:beef":2,"minecraft:oak_boat":1,"minecraft:rose_bush":2,"minecraft:minecart":2,"minecraft:sugar_cane":28,"minecraft:chest":4,"minecraft:furnace":5,"minecraft:egg":1,"minecraft:dark_oak_sapling":4,"minecraft:stick":16,"minecraft:raw_iron":32,"minecraft:composter":1,"minecraft:oak_fence":5,"minecraft:torch":24,"minecraft:porkchop":10,"minecraft:diorite":25,"minecraft:redstone":11,"minecraft:arrow":3,"minecraft:rotten_flesh":11,"minecraft:beetroot_seeds":12,"minecraft:glow_berries":12,"minecraft:rail":18,"minecraft:white_wool":2,"minecraft:cobblestone":198,"minecraft:birch_log":19,"minecraft:feather":2,"minecraft:cooked_beef":7,"minecraft:crimson_stem":11,"minecraft:andesite":26,"minecraft:salmon":5,"minecraft:leather":2,"minecraft:birch_planks":120,"minecraft:flint":2,"minecraft:tuff":4,"minecraft:oak_log":79,"minecraft:nether_wart_block":2,"minecraft:gunpowder":2,"minecraft:lapis_lazuli":20,"minecraft:dirt":431,"minecraft:cooked_mutton":8,"minecraft:bone":4,"minecraft:wheat_seeds":15,"minecraft:raw_gold":4,"minecraft:iron_ingot":3,"minecraft:powered_rail":6,"minecraft:iron_sword":1,"minecraft:oak_planks":20,"minecraft:oak_slab":1,"minecraft:cooked_porkchop":3,"minecraft:gravel":25,"minecraft:sand":7,"minecraft:stripped_spruce_log":3,"minecraft:spruce_sapling":23,"minecraft:white_bed":1,"minecraft:spruce_log":836,"minecraft:diamond":8,"minecraft:stone_axe":1,"minecraft:granite":15,"minecraft:diamond_axe":2,"minecraft:grass":44,"minecraft:bone_meal":22,"minecraft:emerald":4,"minecraft:bread":4,"minecraft:oak_sapling":5,"minecraft:coal":20},"minecraft:used":{"minecraft:iron_shovel":435,"minecraft:stone_shovel":5,"minecraft:chest":3,"minecraft:shield":48,"minecraft:iron_sword":1,"minecraft:cooked_salmon":2,"minecraft:grass":44,"minecraft:bell":1,"minecraft:cooked_chicken":1,"minecraft:rotten_flesh":8,"minecraft:spruce_leaves":61,"minecraft:torch":17,"minecraft:dirt":223,"minecraft:stripped_spruce_log":1,"minecraft:diamond_chestplate":1,"minecraft:golden_carrot":5,"minecraft:oak_sapling":3,"minecraft:furnace":5,"minecraft:beetroot_seeds":9,"minecraft:cobbled_deepslate":38,"minecraft:dark_oak_sapling":4,"minecraft:cooked_mutton":4,"minecraft:wheat_seeds":16,"minecraft:diorite":1,"minecraft:birch_planks":24,"minecraft:stone_pickaxe":215,"minecraft:oak_planks":14,"minecraft:wooden_pickaxe":92,"minecraft:composter":2,"minecraft:sugar_cane":28,"minecraft:diamond_axe":877,"minecraft:glow_berries":3,"minecraft:oak_slab":1,"minecraft:crafting_table":12,"minecraft:birch_sign":1,"minecraft:white_bed":1,"minecraft:spruce_log":5,"minecraft:shears":163,"minecraft:apple":114,"minecraft:bread":52,"minecraft:iron_pickaxe":71,"minecraft:spruce_sapling":14,"minecraft:gravel":11,"minecraft:stone_axe":145,"minecraft:cobblestone":128,"minecraft:cooked_porkchop":11,"minecraft:smithing_table":1,"minecraft:andesite":10,"minecraft:dandelion":2,"minecraft:bone_meal":31}},"DataVersion":2975}