{"stats":{"minecraft:mined":{"minecraft:large_amethyst_bud":1,"minecraft:spruce_planks":2,"minecraft:white_bed":1,"minecraft:farmland":23,"minecraft:cobblestone_stairs":3,"minecraft:granite":33,"minecraft:budding_amethyst":1,"minecraft:chiseled_polished_blackstone":2,"minecraft:grass_block":1423,"minecraft:cracked_polished_blackstone_bricks":10,"minecraft:white_concrete":4,"minecraft:soul_soil":1,"minecraft:deepslate_bricks":12,"minecraft:polished_diorite":3,"minecraft:composter":1,"minecraft:gilded_blackstone":10,"minecraft:polished_blackstone_bricks":58,"minecraft:weeping_vines_plant":1,"minecraft:iron_ore":17,"minecraft:cobbled_deepslate":24,"minecraft:deepslate_lapis_ore":4,"minecraft:enchanting_table":1,"minecraft:dirt_path":16,"minecraft:oak_stairs":3,"minecraft:azalea":1,"minecraft:deepslate_redstone_ore":2,"minecraft:quartz_block":4,"minecraft:blackstone":26,"minecraft:crimson_nylium":11,"minecraft:amethyst_cluster":11,"minecraft:torch":1,"minecraft:calcite":3,"minecraft:chest":1,"minecraft:smooth_quartz_slab":1,"minecraft:nether_quartz_ore":9,"minecraft:cobblestone":62,"minecraft:grindstone":1,"minecraft:sugar_cane":46,"minecraft:oak_planks":14,"minecraft:wall_torch":2,"minecraft:amethyst_block":3,"minecraft:nether_wart_block":1,"minecraft:birch_log":19,"minecraft:wheat":8,"minecraft:grass":351,"minecraft:oak_log":98,"minecraft:beetroots":3,"minecraft:smooth_quartz":2,"minecraft:sand":70,"minecraft:dirt":1340,"minecraft:smooth_basalt":3,"minecraft:netherrack":815,"minecraft:oak_leaves":4,"minecraft:deepslate":436,"minecraft:emerald_block":15,"minecraft:tuff":12,"minecraft:mossy_cobblestone":6,"minecraft:deepslate_diamond_ore":7,"minecraft:spruce_leaves":370,"minecraft:moss_block":2,"minecraft:white_concrete_powder":1,"minecraft:crimson_stem":13,"minecraft:spruce_sapling":34,"minecraft:furnace":5,"minecraft:polished_basalt":3,"minecraft:andesite":27,"minecraft:stripped_spruce_log":3,"minecraft:gold_block":19,"minecraft:bookshelf":2,"minecraft:deepslate_iron_ore":40,"minecraft:stone":446,"minecraft:bone_block":37,"minecraft:podzol":226,"minecraft:oak_slab":1,"minecraft:basalt":5,"minecraft:dandelion":3,"minecraft:cornflower":1,"minecraft:crafting_table":14,"minecraft:rose_bush":1,"minecraft:lectern":2,"minecraft:tall_grass":32,"minecraft:copper_ore":4,"minecraft:deepslate_gold_ore":23,"minecraft:polished_blackstone_brick_stairs":8,"minecraft:diorite":100,"minecraft:spruce_log":3960,"minecraft:birch_leaves":1,"minecraft:coal_ore":15,"minecraft:gravel":38},"minecraft:killed":{"minecraft:spider":2,"minecraft:skeleton":14,"minecraft:chicken":1,"minecraft:piglin":10,"minecraft:pig":7,"minecraft:salmon":5,"minecraft:creeper":2,"minecraft:zombie":23,"minecraft:cow":1,"minecraft:horse":1,"minecraft:hoglin":1},"minecraft:dropped":{"minecraft:birch_planks":75,"minecraft:diamond_axe":4,"minecraft:lapis_lazuli":20,"minecraft:cooked_beef":7,"minecraft:oak_log":19,"minecraft:flint":4,"minecraft:emerald":153,"minecraft:cobblestone_stairs":6,"minecraft:dirt":64,"minecraft:chain":7,"minecraft:white_wool":2,"minecraft:bone":4,"minecraft:gravel":9,"minecraft:stone_axe":1,"minecraft:detector_rail":1,"minecraft:cobbled_deepslate":6,"minecraft:wheat":1,"minecraft:rotten_flesh":1,"minecraft:oak_planks":20,"minecraft:cooked_mutton":4,"minecraft:chainmail_chestplate":28,"minecraft:quartz_block":4,"minecraft:chainmail_boots":43,"minecraft:egg":1,"minecraft:water_bucket":1,"minecraft:stone_hoe":3,"minecraft:iron_ingot":4,"minecraft:bread":280,"minecraft:wheat_seeds":18,"minecraft:feather":2,"minecraft:cobblestone":92,"minecraft:apple":192,"minecraft:granite":2,"minecraft:coal":10,"minecraft:stick":9,"minecraft:diorite":30,"minecraft:torch":7,"minecraft:rose_bush":1,"minecraft:polished_basalt":2,"minecraft:smooth_stone":2,"minecraft:iron_shovel":1,"minecraft:paper":1,"minecraft:spruce_sapling":2,"minecraft:redstone":1,"minecraft:furnace":1,"minecraft:tuff":4,"minecraft:raw_iron":12,"minecraft:stone_shovel":6,"minecraft:iron_boots":39,"minecraft:deepslate_bricks":12,"minecraft:spruce_planks":4,"minecraft:diamond_pickaxe":1,"minecraft:oak_boat":1,"minecraft:spruce_log":129,"minecraft:bow":1,"minecraft:wooden_pickaxe":1},"minecraft:picked_up":{"minecraft:wheat":9,"minecraft:chainmail_boots":31,"minecraft:oak_stairs":2,"minecraft:gilded_blackstone":9,"minecraft:amethyst_block":3,"minecraft:raw_copper":12,"minecraft:beetroot":3,"minecraft:activator_rail":1,"minecraft:diamond_leggings":1,"minecraft:cobbled_deepslate":466,"minecraft:smooth_stone":1,"minecraft:spruce_planks":10,"minecraft:rose_bush":2,"minecraft:calcite":3,"minecraft:furnace":6,"minecraft:iron_boots":29,"minecraft:stick":158,"minecraft:composter":1,"minecraft:oak_fence":5,"minecraft:torch":29,"minecraft:porkchop":16,"minecraft:diorite":117,"minecraft:quartz_block":4,"minecraft:rotten_flesh":27,"minecraft:polished_basalt":2,"minecraft:cobblestone":553,"minecraft:enchanting_table":1,"minecraft:birch_log":19,"minecraft:feather":2,"minecraft:cooked_beef":7,"minecraft:water_bucket":1,"minecraft:andesite":26,"minecraft:flint":6,"minecraft:tuff":12,"minecraft:lapis_lazuli":44,"minecraft:dirt":2230,"minecraft:bone":16,"minecraft:bow":2,"minecraft:wheat_seeds":100,"minecraft:raw_gold":23,"minecraft:grindstone":1,"minecraft:powered_rail":6,"minecraft:oak_planks":36,"minecraft:cooked_porkchop":3,"minecraft:sand":67,"minecraft:stripped_spruce_log":3,"minecraft:mossy_cobblestone":6,"minecraft:diamond":8,"minecraft:cracked_polished_blackstone_bricks":11,"minecraft:grass":44,"minecraft:granite":35,"minecraft:bone_meal":26,"minecraft:white_concrete":4,"minecraft:emerald":166,"minecraft:bread":168,"minecraft:oak_sapling":5,"minecraft:netherrack":335,"minecraft:diamond_pickaxe":3,"minecraft:spruce_leaves":131,"minecraft:crafting_table":15,"minecraft:chicken":1,"minecraft:wooden_pickaxe":3,"minecraft:gold_block":19,"minecraft:cornflower":1,"minecraft:iron_shovel":4,"minecraft:blackstone":27,"minecraft:detector_rail":1,"minecraft:beef":2,"minecraft:oak_boat":1,"minecraft:lectern":2,"minecraft:minecart":2,"minecraft:sugar_cane":90,"minecraft:chest":4,"minecraft:diamond_hoe":1,"minecraft:egg":1,"minecraft:dark_oak_sapling":4,"minecraft:raw_iron":73,"minecraft:oak_door":1,"minecraft:polished_blackstone_bricks":17,"minecraft:redstone":11,"minecraft:arrow":41,"minecraft:diamond_chestplate":1,"minecraft:beetroot_seeds":12,"minecraft:deepslate_bricks":24,"minecraft:glow_berries":12,"minecraft:bone_block":35,"minecraft:white_wool":2,"minecraft:rail":18,"minecraft:golden_carrot":13,"minecraft:crimson_stem":11,"minecraft:salmon":5,"minecraft:leather":2,"minecraft:birch_planks":120,"minecraft:oak_log":115,"minecraft:chainmail_chestplate":19,"minecraft:nether_wart_block":2,"minecraft:gunpowder":3,"minecraft:cobblestone_stairs":9,"minecraft:paper":1,"minecraft:cooked_mutton":8,"minecraft:apple":192,"minecraft:iron_ingot":7,"minecraft:iron_sword":1,"minecraft:book":6,"minecraft:oak_slab":1,"minecraft:smooth_basalt":3,"minecraft:emerald_block":37,"minecraft:quartz":7,"minecraft:dandelion":3,"minecraft:gravel":48,"minecraft:amethyst_shard":46,"minecraft:spruce_sapling":279,"minecraft:white_bed":1,"minecraft:spruce_log":4105,"minecraft:white_concrete_powder":2,"minecraft:polished_diorite":3,"minecraft:stone_axe":1,"minecraft:diamond_axe":6,"minecraft:coal":99},"minecraft:used":{"minecraft:iron_shovel":3208,"minecraft:diamond_hoe":190,"minecraft:white_concrete_powder":10,"minecraft:chest":7,"minecraft:shield":51,"minecraft:iron_sword":1,"minecraft:grass":44,"minecraft:bell":1,"minecraft:rotten_flesh":8,"minecraft:spruce_leaves":131,"minecraft:stripped_spruce_log":1,"minecraft:lantern":6,"minecraft:bow":82,"minecraft:furnace":5,"minecraft:oak_sapling":3,"minecraft:beetroot_seeds":9,"minecraft:dark_oak_sapling":4,"minecraft:diorite":5,"minecraft:stone_pickaxe":215,"minecraft:oak_planks":23,"minecraft:wooden_pickaxe":92,"minecraft:composter":2,"minecraft:diamond_axe":4131,"minecraft:sugar_cane":41,"minecraft:golden_apple":2,"minecraft:glow_berries":3,"minecraft:sand":21,"minecraft:blast_furnace":1,"minecraft:crossbow":1,"minecraft:shears":163,"minecraft:bread":69,"minecraft:lectern":3,"minecraft:gravel":11,"minecraft:grindstone":1,"minecraft:smithing_table":1,"minecraft:andesite":10,"minecraft:white_concrete":4,"minecraft:bone_meal":99,"minecraft:enchanting_table":1,"minecraft:stone_shovel":5,"minecraft:spruce_planks":37,"minecraft:cooked_salmon":2,"minecraft:cooked_chicken":1,"minecraft:netherrack":306,"minecraft:torch":38,"minecraft:dirt":1470,"minecraft:spyglass":136,"minecraft:wheat":1,"minecraft:granite":14,"minecraft:polished_diorite":3,"minecraft:bookshelf":25,"minecraft:iron_axe":1,"minecraft:diamond_chestplate":2,"minecraft:golden_carrot":46,"minecraft:emerald_block":15,"minecraft:cobbled_deepslate":62,"minecraft:wheat_seeds":16,"minecraft:cooked_mutton":4,"minecraft:water_bucket":9,"minecraft:birch_planks":24,"minecraft:deepslate_bricks":134,"minecraft:oak_slab":1,"minecraft:crafting_table":16,"minecraft:birch_sign":1,"minecraft:white_bed":1,"minecraft:spruce_log":22,"minecraft:diamond_pickaxe":2085,"minecraft:apple":120,"minecraft:iron_pickaxe":71,"minecraft:spruce_sapling":241,"minecraft:stone_axe":145,"minecraft:cobblestone":251,"minecraft:cooked_porkchop":11,"minecraft:bucket":10,"minecraft:dandelion":2},"minecraft:killed_by":{"minecraft:zombie":2},"minecraft:broken":{"minecraft:shears":1,"minecraft:stone_pickaxe":1,"minecraft:stone_axe":1,"minecraft:wooden_pickaxe":1,"minecraft:shield":1},"minecraft:crafted":{"minecraft:oak_planks":344,"minecraft:smooth_stone":4,"minecraft:cooked_chicken":1,"minecraft:stone":4,"minecraft:bookshelf":26,"minecraft:suspicious_stew":12,"minecraft:granite":1,"minecraft:bow":2,"minecraft:diamond_helmet":1,"minecraft:diamond_leggings":3,"minecraft:iron_boots":10,"minecraft:tipped_arrow":10,"minecraft:chest":4,"minecraft:stone_hoe":3,"minecraft:oak_slab":18,"minecraft:arrow":64,"minecraft:emerald":2124,"minecraft:cooked_porkchop":8,"minecraft:diamond_axe":4,"minecraft:crafting_table":3,"minecraft:spruce_planks":15600,"minecraft:wooden_pickaxe":3,"minecraft:chainmail_chestplate":9,"minecraft:smithing_table":1,"minecraft:copper_ingot":2,"minecraft:birch_planks":76,"minecraft:diorite":2,"minecraft:apple":180,"minecraft:lectern":1,"minecraft:book":9,"minecraft:paper":48,"minecraft:diamond_pickaxe":4,"minecraft:emerald_block":122,"minecraft:shield":2,"minecraft:stick":31562,"minecraft:iron_ingot":51,"minecraft:iron_pickaxe":2,"minecraft:gold_ingot":201,"minecraft:composter":1,"minecraft:deepslate_bricks":320,"minecraft:shears":1,"minecraft:golden_carrot":63,"minecraft:stone_shovel":7,"minecraft:spyglass":1,"minecraft:furnace":4,"minecraft:blast_furnace":1,"minecraft:bone_meal":327,"minecraft:lantern":11,"minecraft:white_concrete_powder":8,"minecraft:polished_diorite":4,"minecraft:polished_deepslate":320,"minecraft:iron_axe":12,"minecraft:stone_pickaxe":3,"minecraft:diamond_boots":3,"minecraft:birch_sign":3,"minecraft:iron_sword":1,"minecraft:bell":3,"minecraft:cooked_salmon":5,"minecraft:bucket":1,"minecraft:stone_axe":2,"minecraft:bread":216,"minecraft:air":0,"minecraft:golden_apple":17,"minecraft:white_dye":3,"minecraft:chainmail_boots":12,"minecraft:iron_shovel":4,"minecraft:pumpkin_pie":48,"minecraft:andesite":2,"minecraft:torch":40,"minecraft:diamond_chestplate":1},"minecraft:custom":{"minecraft:animals_bred":1,"minecraft:interact_with_crafting_table":67,"minecraft:leave_game":9,"minecraft:time_since_death":209383,"minecraft:sprint_one_cm":949056,"minecraft:damage_blocked_by_shield":4262,"minecraft:drop":300,"minecraft:talked_to_villager":301,"minecraft:play_time":517129,"minecraft:deaths":2,"minecraft:jump":8096,"minecraft:walk_on_water_one_cm":30933,"minecraft:enchant_item":2,"minecraft:interact_with_furnace":63,"minecraft:traded_with_villager":1265,"minecraft:sleep_in_bed":22,"minecraft:damage_dealt":7069,"minecraft:player_kills":1,"minecraft:crouch_one_cm":64616,"minecraft:interact_with_smoker":2,"minecraft:interact_with_smithing_table":1,"minecraft:mob_kills":69,"minecraft:interact_with_anvil":10,"minecraft:climb_one_cm":24703,"minecraft:walk_one_cm":1318338,"minecraft:sneak_time":18879,"minecraft:walk_under_water_one_cm":17962,"minecraft:total_world_time":517129,"minecraft:interact_with_grindstone":3,"minecraft:time_since_rest":25337,"minecraft:damage_taken":6470,"minecraft:swim_one_cm":47042,"minecraft:fly_one_cm":1133663,"minecraft:open_chest":239,"minecraft:fall_one_cm":239153}},"DataVersion":2975}