{"stats":{"minecraft:dropped":{"minecraft:birch_planks":75,"minecraft:lapis_lazuli":20,"minecraft:cooked_beef":7,"minecraft:oak_log":5,"minecraft:feather":2,"minecraft:cobblestone":29,"minecraft:coal":10,"minecraft:diorite":12,"minecraft:torch":5,"minecraft:rose_bush":1,"minecraft:iron_shovel":1,"minecraft:white_wool":2,"minecraft:bone":2,"minecraft:redstone":1,"minecraft:furnace":1,"minecraft:stone_axe":1,"minecraft:detector_rail":1,"minecraft:cobbled_deepslate":3,"minecraft:tuff":4,"minecraft:raw_iron":12,"minecraft:rotten_flesh":1,"minecraft:oak_planks":19,"minecraft:cooked_mutton":4,"minecraft:wooden_pickaxe":1,"minecraft:egg":1},"minecraft:crafted":{"minecraft:oak_planks":296,"minecraft:cooked_chicken":1,"minecraft:furnace":3,"minecraft:bone_meal":9,"minecraft:stone_pickaxe":3,"minecraft:birch_sign":3,"minecraft:emerald":14,"minecraft:cooked_porkchop":8,"minecraft:crafting_table":2,"minecraft:wooden_pickaxe":3,"minecraft:iron_sword":1,"minecraft:smithing_table":1,"minecraft:cooked_salmon":1,"minecraft:birch_planks":76,"minecraft:stone_axe":2,"minecraft:air":0,"minecraft:shield":2,"minecraft:stick":476,"minecraft:iron_pickaxe":2,"minecraft:iron_ingot":8,"minecraft:iron_shovel":1,"minecraft:gold_ingot":21,"minecraft:diamond_chestplate":1},"minecraft:picked_up":{"minecraft:crafting_table":12,"minecraft:wheat":2,"minecraft:chicken":1,"minecraft:oak_stairs":1,"minecraft:wooden_pickaxe":2,"minecraft:raw_copper":3,"minecraft:iron_shovel":1,"minecraft:beetroot":3,"minecraft:activator_rail":1,"minecraft:detector_rail":1,"minecraft:cobbled_deepslate":46,"minecraft:beef":2,"minecraft:rose_bush":2,"minecraft:minecart":2,"minecraft:sugar_cane":28,"minecraft:chest":4,"minecraft:egg":1,"minecraft:furnace":5,"minecraft:dark_oak_sapling":4,"minecraft:stick":5,"minecraft:raw_iron":32,"minecraft:torch":22,"minecraft:porkchop":10,"minecraft:diorite":25,"minecraft:redstone":11,"minecraft:arrow":3,"minecraft:rotten_flesh":9,"minecraft:beetroot_seeds":12,"minecraft:glow_berries":12,"minecraft:white_wool":2,"minecraft:rail":18,"minecraft:cobblestone":197,"minecraft:birch_log":19,"minecraft:feather":2,"minecraft:cooked_beef":7,"minecraft:andesite":26,"minecraft:salmon":5,"minecraft:leather":2,"minecraft:birch_planks":120,"minecraft:flint":2,"minecraft:tuff":4,"minecraft:oak_log":79,"minecraft:nether_wart_block":2,"minecraft:gunpowder":2,"minecraft:lapis_lazuli":20,"minecraft:dirt":31,"minecraft:cooked_mutton":8,"minecraft:bone":4,"minecraft:wheat_seeds":10,"minecraft:raw_gold":4,"minecraft:iron_ingot":3,"minecraft:powered_rail":6,"minecraft:oak_planks":20,"minecraft:iron_sword":1,"minecraft:oak_slab":1,"minecraft:cooked_porkchop":3,"minecraft:gravel":24,"minecraft:diamond":8,"minecraft:stone_axe":1,"minecraft:granite":15,"minecraft:bone_meal":1,"minecraft:bread":4,"minecraft:oak_sapling":4,"minecraft:coal":20},"minecraft:broken":{"minecraft:wooden_pickaxe":1,"minecraft:stone_pickaxe":1,"minecraft:stone_axe":1},"minecraft:custom":{"minecraft:mob_kills":24,"minecraft:animals_bred":1,"minecraft:interact_with_crafting_table":27,"minecraft:leave_game":4,"minecraft:time_since_death":68551,"minecraft:sprint_one_cm":252658,"minecraft:walk_one_cm":240645,"minecraft:damage_blocked_by_shield":4022,"minecraft:drop":27,"minecraft:talked_to_villager":13,"minecraft:play_time":108758,"minecraft:deaths":1,"minecraft:sneak_time":2933,"minecraft:walk_under_water_one_cm":14096,"minecraft:jump":1363,"minecraft:walk_on_water_one_cm":17110,"minecraft:enchant_item":1,"minecraft:total_world_time":108758,"minecraft:interact_with_furnace":29,"minecraft:traded_with_villager":14,"minecraft:sleep_in_bed":1,"minecraft:time_since_rest":3572,"minecraft:damage_taken":2016,"minecraft:damage_dealt":3299,"minecraft:swim_one_cm":23747,"minecraft:fly_one_cm":164071,"minecraft:player_kills":1,"minecraft:open_chest":19,"minecraft:crouch_one_cm":4395,"minecraft:interact_with_smoker":2,"minecraft:fall_one_cm":36712},"minecraft:killed":{"minecraft:spider":2,"minecraft:skeleton":3,"minecraft:chicken":1,"minecraft:pig":6,"minecraft:salmon":5,"minecraft:zombie":6,"minecraft:cow":1},"minecraft:mined":{"minecraft:tuff":4,"minecraft:deepslate_diamond_ore":7,"minecraft:granite":15,"minecraft:grass_block":7,"minecraft:moss_block":2,"minecraft:furnace":4,"minecraft:andesite":27,"minecraft:deepslate_iron_ore":25,"minecraft:oak_stairs":1,"minecraft:azalea":1,"minecraft:stone":161,"minecraft:deepslate_redstone_ore":2,"minecraft:oak_slab":1,"minecraft:crafting_table":11,"minecraft:rose_bush":1,"minecraft:tall_grass":1,"minecraft:copper_ore":1,"minecraft:cobblestone":14,"minecraft:deepslate_gold_ore":4,"minecraft:sugar_cane":9,"minecraft:oak_planks":2,"minecraft:diorite":19,"minecraft:wall_torch":1,"minecraft:birch_log":19,"minecraft:wheat":3,"minecraft:birch_leaves":1,"minecraft:grass":19,"minecraft:oak_log":76,"minecraft:beetroots":3,"minecraft:gravel":22,"minecraft:dirt":12,"minecraft:oak_leaves":3,"minecraft:deepslate":27},"minecraft:used":{"minecraft:iron_shovel":11,"minecraft:chest":3,"minecraft:shield":48,"minecraft:iron_sword":1,"minecraft:cooked_salmon":1,"minecraft:cooked_chicken":1,"minecraft:rotten_flesh":8,"minecraft:torch":16,"minecraft:dirt":22,"minecraft:diamond_chestplate":1,"minecraft:oak_sapling":3,"minecraft:furnace":5,"minecraft:cobbled_deepslate":38,"minecraft:dark_oak_sapling":4,"minecraft:cooked_mutton":4,"minecraft:diorite":1,"minecraft:birch_planks":24,"minecraft:stone_pickaxe":214,"minecraft:oak_planks":14,"minecraft:wooden_pickaxe":92,"minecraft:sugar_cane":28,"minecraft:glow_berries":3,"minecraft:oak_slab":1,"minecraft:crafting_table":12,"minecraft:birch_sign":1,"minecraft:bread":4,"minecraft:iron_pickaxe":66,"minecraft:gravel":11,"minecraft:stone_axe":145,"minecraft:cobblestone":127,"minecraft:cooked_porkchop":11,"minecraft:smithing_table":1,"minecraft:andesite":10,"minecraft:bone_meal":10},"minecraft:killed_by":{"minecraft:zombie":1}},"DataVersion":2975}