{"stats":{"minecraft:used":{"minecraft:iron_shovel":672,"minecraft:enchanting_table":1,"minecraft:stone_shovel":5,"minecraft:diamond_hoe":190,"minecraft:chest":5,"minecraft:shield":51,"minecraft:iron_sword":1,"minecraft:cooked_salmon":2,"minecraft:bell":1,"minecraft:grass":44,"minecraft:cooked_chicken":1,"minecraft:rotten_flesh":8,"minecraft:spruce_leaves":131,"minecraft:torch":30,"minecraft:dirt":704,"minecraft:wheat":1,"minecraft:stripped_spruce_log":1,"minecraft:bookshelf":4,"minecraft:diamond_chestplate":1,"minecraft:golden_carrot":19,"minecraft:bow":22,"minecraft:emerald_block":15,"minecraft:oak_sapling":3,"minecraft:furnace":5,"minecraft:beetroot_seeds":9,"minecraft:cobbled_deepslate":39,"minecraft:dark_oak_sapling":4,"minecraft:cooked_mutton":4,"minecraft:wheat_seeds":16,"minecraft:diorite":2,"minecraft:birch_planks":24,"minecraft:stone_pickaxe":215,"minecraft:oak_planks":23,"minecraft:wooden_pickaxe":92,"minecraft:composter":2,"minecraft:sugar_cane":41,"minecraft:diamond_axe":2733,"minecraft:glow_berries":3,"minecraft:sand":21,"minecraft:oak_slab":1,"minecraft:crafting_table":12,"minecraft:blast_furnace":1,"minecraft:birch_sign":1,"minecraft:white_bed":1,"minecraft:spruce_log":14,"minecraft:shears":163,"minecraft:diamond_pickaxe":447,"minecraft:apple":114,"minecraft:iron_pickaxe":71,"minecraft:bread":60,"minecraft:gravel":11,"minecraft:spruce_sapling":147,"minecraft:stone_axe":145,"minecraft:cobblestone":251,"minecraft:cooked_porkchop":11,"minecraft:smithing_table":1,"minecraft:andesite":10,"minecraft:dandelion":2,"minecraft:bone_meal":35},"minecraft:crafted":{"minecraft:golden_carrot":27,"minecraft:smooth_stone":4,"minecraft:oak_planks":344,"minecraft:stone_shovel":7,"minecraft:cooked_chicken":1,"minecraft:furnace":4,"minecraft:blast_furnace":1,"minecraft:stone":4,"minecraft:bone_meal":9,"minecraft:bookshelf":4,"minecraft:suspicious_stew":12,"minecraft:diamond_helmet":1,"minecraft:diamond_leggings":3,"minecraft:bow":2,"minecraft:iron_boots":10,"minecraft:stone_pickaxe":3,"minecraft:chest":2,"minecraft:diamond_boots":3,"minecraft:stone_hoe":3,"minecraft:birch_sign":3,"minecraft:oak_slab":12,"minecraft:emerald":1391,"minecraft:cooked_porkchop":8,"minecraft:diamond_axe":4,"minecraft:crafting_table":2,"minecraft:spruce_planks":10408,"minecraft:wooden_pickaxe":3,"minecraft:iron_sword":1,"minecraft:bell":1,"minecraft:chainmail_chestplate":9,"minecraft:smithing_table":1,"minecraft:cooked_salmon":5,"minecraft:birch_planks":76,"minecraft:stone_axe":2,"minecraft:bread":156,"minecraft:air":0,"minecraft:apple":180,"minecraft:book":9,"minecraft:paper":48,"minecraft:diamond_pickaxe":4,"minecraft:golden_apple":2,"minecraft:emerald_block":95,"minecraft:shield":2,"minecraft:stick":21286,"minecraft:chainmail_boots":12,"minecraft:iron_ingot":24,"minecraft:iron_pickaxe":2,"minecraft:iron_shovel":4,"minecraft:gold_ingot":21,"minecraft:pumpkin_pie":48,"minecraft:composter":1,"minecraft:torch":40,"minecraft:shears":1,"minecraft:diamond_chestplate":1},"minecraft:mined":{"minecraft:tuff":7,"minecraft:white_bed":1,"minecraft:farmland":23,"minecraft:mossy_cobblestone":6,"minecraft:deepslate_diamond_ore":7,"minecraft:cobblestone_stairs":3,"minecraft:granite":17,"minecraft:grass_block":113,"minecraft:spruce_leaves":364,"minecraft:composter":1,"minecraft:moss_block":2,"minecraft:crimson_stem":11,"minecraft:spruce_sapling":16,"minecraft:furnace":4,"minecraft:iron_ore":6,"minecraft:cobbled_deepslate":10,"minecraft:andesite":27,"minecraft:stripped_spruce_log":3,"minecraft:deepslate_lapis_ore":4,"minecraft:enchanting_table":1,"minecraft:bookshelf":1,"minecraft:deepslate_iron_ore":30,"minecraft:dirt_path":11,"minecraft:oak_stairs":3,"minecraft:azalea":1,"minecraft:stone":209,"minecraft:podzol":226,"minecraft:deepslate_redstone_ore":2,"minecraft:oak_slab":1,"minecraft:crafting_table":11,"minecraft:rose_bush":1,"minecraft:copper_ore":1,"minecraft:tall_grass":9,"minecraft:cobblestone":60,"minecraft:deepslate_gold_ore":4,"minecraft:oak_planks":14,"minecraft:sugar_cane":45,"minecraft:diorite":26,"minecraft:wall_torch":1,"minecraft:wheat":8,"minecraft:birch_log":19,"minecraft:spruce_log":2633,"minecraft:birch_leaves":1,"minecraft:grass":107,"minecraft:coal_ore":10,"minecraft:oak_log":92,"minecraft:beetroots":3,"minecraft:gravel":34,"minecraft:dirt":263,"minecraft:sand":44,"minecraft:oak_leaves":3,"minecraft:deepslate":310,"minecraft:emerald_block":15},"minecraft:dropped":{"minecraft:stone_hoe":3,"minecraft:iron_ingot":4,"minecraft:bread":193,"minecraft:wheat_seeds":18,"minecraft:birch_planks":75,"minecraft:lapis_lazuli":20,"minecraft:diamond_axe":4,"minecraft:cooked_beef":7,"minecraft:oak_log":19,"minecraft:feather":2,"minecraft:cobblestone":92,"minecraft:apple":128,"minecraft:cobblestone_stairs":6,"minecraft:flint":2,"minecraft:emerald":30,"minecraft:coal":10,"minecraft:stick":9,"minecraft:diorite":28,"minecraft:torch":7,"minecraft:rose_bush":1,"minecraft:smooth_stone":2,"minecraft:paper":1,"minecraft:iron_shovel":1,"minecraft:white_wool":2,"minecraft:spruce_sapling":2,"minecraft:gravel":9,"minecraft:redstone":1,"minecraft:bone":4,"minecraft:furnace":1,"minecraft:stone_axe":1,"minecraft:detector_rail":1,"minecraft:cobbled_deepslate":5,"minecraft:tuff":4,"minecraft:wheat":1,"minecraft:raw_iron":12,"minecraft:stone_shovel":6,"minecraft:rotten_flesh":1,"minecraft:iron_boots":39,"minecraft:oak_planks":20,"minecraft:cooked_mutton":4,"minecraft:chainmail_chestplate":28,"minecraft:chainmail_boots":43,"minecraft:oak_boat":1,"minecraft:spruce_log":37,"minecraft:wooden_pickaxe":1,"minecraft:egg":1},"minecraft:custom":{"minecraft:interact_with_smithing_table":1,"minecraft:interact_with_anvil":6,"minecraft:mob_kills":37,"minecraft:animals_bred":1,"minecraft:interact_with_crafting_table":53,"minecraft:leave_game":7,"minecraft:time_since_death":32365,"minecraft:climb_one_cm":10378,"minecraft:sprint_one_cm":608044,"minecraft:walk_one_cm":767566,"minecraft:damage_blocked_by_shield":4262,"minecraft:drop":234,"minecraft:talked_to_villager":210,"minecraft:play_time":340111,"minecraft:sneak_time":6809,"minecraft:deaths":2,"minecraft:walk_under_water_one_cm":15162,"minecraft:jump":4693,"minecraft:walk_on_water_one_cm":20220,"minecraft:enchant_item":1,"minecraft:total_world_time":340111,"minecraft:interact_with_furnace":52,"minecraft:traded_with_villager":854,"minecraft:sleep_in_bed":13,"minecraft:time_since_rest":12494,"minecraft:damage_taken":3997,"minecraft:damage_dealt":4152,"minecraft:swim_one_cm":46415,"minecraft:player_kills":1,"minecraft:fly_one_cm":636336,"minecraft:open_chest":138,"minecraft:crouch_one_cm":19163,"minecraft:interact_with_smoker":2,"minecraft:fall_one_cm":142256},"minecraft:broken":{"minecraft:shears":1,"minecraft:wooden_pickaxe":1,"minecraft:stone_pickaxe":1,"minecraft:shield":1,"minecraft:stone_axe":1},"minecraft:killed":{"minecraft:spider":2,"minecraft:skeleton":5,"minecraft:chicken":1,"minecraft:pig":7,"minecraft:salmon":5,"minecraft:zombie":15,"minecraft:cow":1},"minecraft:picked_up":{"minecraft:spruce_leaves":131,"minecraft:crafting_table":12,"minecraft:chainmail_boots":31,"minecraft:wheat":9,"minecraft:chicken":1,"minecraft:wooden_pickaxe":3,"minecraft:oak_stairs":2,"minecraft:raw_copper":3,"minecraft:iron_shovel":4,"minecraft:beetroot":3,"minecraft:activator_rail":1,"minecraft:diamond_leggings":1,"minecraft:smooth_stone":1,"minecraft:cobbled_deepslate":336,"minecraft:detector_rail":1,"minecraft:spruce_planks":4,"minecraft:beef":2,"minecraft:oak_boat":1,"minecraft:rose_bush":2,"minecraft:minecart":2,"minecraft:iron_boots":29,"minecraft:sugar_cane":89,"minecraft:chest":4,"minecraft:diamond_hoe":1,"minecraft:furnace":5,"minecraft:egg":1,"minecraft:dark_oak_sapling":4,"minecraft:stick":110,"minecraft:raw_iron":52,"minecraft:oak_door":1,"minecraft:composter":1,"minecraft:oak_fence":5,"minecraft:torch":26,"minecraft:porkchop":16,"minecraft:diorite":43,"minecraft:redstone":11,"minecraft:diamond_chestplate":1,"minecraft:arrow":34,"minecraft:rotten_flesh":24,"minecraft:beetroot_seeds":12,"minecraft:glow_berries":12,"minecraft:rail":18,"minecraft:white_wool":2,"minecraft:cobblestone":362,"minecraft:birch_log":19,"minecraft:enchanting_table":1,"minecraft:feather":2,"minecraft:cooked_beef":7,"minecraft:golden_carrot":13,"minecraft:crimson_stem":11,"minecraft:andesite":26,"minecraft:salmon":5,"minecraft:leather":2,"minecraft:birch_planks":120,"minecraft:flint":6,"minecraft:tuff":7,"minecraft:oak_log":109,"minecraft:chainmail_chestplate":19,"minecraft:nether_wart_block":2,"minecraft:gunpowder":2,"minecraft:cobblestone_stairs":9,"minecraft:lapis_lazuli":44,"minecraft:dirt":652,"minecraft:paper":1,"minecraft:cooked_mutton":8,"minecraft:bone":8,"minecraft:apple":128,"minecraft:bow":2,"minecraft:wheat_seeds":53,"minecraft:raw_gold":4,"minecraft:iron_ingot":7,"minecraft:powered_rail":6,"minecraft:iron_sword":1,"minecraft:oak_planks":36,"minecraft:book":3,"minecraft:oak_slab":1,"minecraft:emerald_block":37,"minecraft:cooked_porkchop":3,"minecraft:gravel":43,"minecraft:sand":42,"minecraft:stripped_spruce_log":3,"minecraft:spruce_sapling":176,"minecraft:white_bed":1,"minecraft:spruce_log":2752,"minecraft:mossy_cobblestone":6,"minecraft:diamond":8,"minecraft:stone_axe":1,"minecraft:granite":18,"minecraft:diamond_axe":6,"minecraft:bone_meal":26,"minecraft:grass":44,"minecraft:bread":164,"minecraft:emerald":129,"minecraft:oak_sapling":5,"minecraft:coal":40,"minecraft:diamond_pickaxe":2},"minecraft:killed_by":{"minecraft:zombie":2}},"DataVersion":2975}