{"stats":{"minecraft:mined":{"minecraft:tuff":4,"minecraft:white_bed":1,"minecraft:deepslate_diamond_ore":7,"minecraft:granite":15,"minecraft:grass_block":109,"minecraft:spruce_leaves":155,"minecraft:composter":1,"minecraft:moss_block":2,"minecraft:crimson_stem":11,"minecraft:spruce_sapling":4,"minecraft:furnace":4,"minecraft:cobbled_deepslate":7,"minecraft:andesite":27,"minecraft:stripped_spruce_log":3,"minecraft:enchanting_table":1,"minecraft:bookshelf":1,"minecraft:dirt_path":11,"minecraft:deepslate_iron_ore":25,"minecraft:oak_stairs":2,"minecraft:azalea":1,"minecraft:stone":161,"minecraft:podzol":226,"minecraft:deepslate_redstone_ore":2,"minecraft:oak_slab":1,"minecraft:crafting_table":11,"minecraft:rose_bush":1,"minecraft:tall_grass":9,"minecraft:copper_ore":1,"minecraft:cobblestone":18,"minecraft:deepslate_gold_ore":4,"minecraft:sugar_cane":34,"minecraft:oak_planks":2,"minecraft:diorite":19,"minecraft:wall_torch":1,"minecraft:birch_log":19,"minecraft:wheat":3,"minecraft:spruce_log":1104,"minecraft:birch_leaves":1,"minecraft:grass":80,"minecraft:oak_log":88,"minecraft:beetroots":3,"minecraft:sand":44,"minecraft:gravel":23,"minecraft:dirt":251,"minecraft:oak_leaves":3,"minecraft:deepslate":27},"minecraft:broken":{"minecraft:shears":1,"minecraft:wooden_pickaxe":1,"minecraft:stone_pickaxe":1,"minecraft:stone_axe":1},"minecraft:crafted":{"minecraft:golden_carrot":27,"minecraft:oak_planks":344,"minecraft:stone_shovel":7,"minecraft:cooked_chicken":1,"minecraft:furnace":3,"minecraft:bone_meal":9,"minecraft:bookshelf":4,"minecraft:suspicious_stew":12,"minecraft:stone_pickaxe":3,"minecraft:stone_hoe":3,"minecraft:birch_sign":3,"minecraft:oak_slab":12,"minecraft:emerald":281,"minecraft:cooked_porkchop":8,"minecraft:diamond_axe":2,"minecraft:crafting_table":2,"minecraft:spruce_planks":4128,"minecraft:wooden_pickaxe":3,"minecraft:iron_sword":1,"minecraft:bell":1,"minecraft:smithing_table":1,"minecraft:cooked_salmon":5,"minecraft:birch_planks":76,"minecraft:stone_axe":2,"minecraft:bread":156,"minecraft:air":0,"minecraft:apple":180,"minecraft:book":9,"minecraft:paper":48,"minecraft:diamond_pickaxe":1,"minecraft:golden_apple":2,"minecraft:shield":2,"minecraft:stick":8730,"minecraft:iron_ingot":19,"minecraft:iron_pickaxe":2,"minecraft:iron_shovel":4,"minecraft:gold_ingot":21,"minecraft:pumpkin_pie":48,"minecraft:composter":1,"minecraft:shears":1,"minecraft:diamond_chestplate":1},"minecraft:custom":{"minecraft:interact_with_smithing_table":1,"minecraft:mob_kills":26,"minecraft:animals_bred":1,"minecraft:interact_with_crafting_table":38,"minecraft:leave_game":5,"minecraft:time_since_death":200736,"minecraft:climb_one_cm":5390,"minecraft:sprint_one_cm":425454,"minecraft:walk_one_cm":506866,"minecraft:damage_blocked_by_shield":4022,"minecraft:drop":96,"minecraft:talked_to_villager":98,"minecraft:play_time":240943,"minecraft:deaths":1,"minecraft:sneak_time":6648,"minecraft:walk_under_water_one_cm":15162,"minecraft:jump":2791,"minecraft:walk_on_water_one_cm":19116,"minecraft:enchant_item":1,"minecraft:total_world_time":240943,"minecraft:interact_with_furnace":35,"minecraft:traded_with_villager":401,"minecraft:sleep_in_bed":6,"minecraft:time_since_rest":5221,"minecraft:damage_taken":2597,"minecraft:damage_dealt":3517,"minecraft:swim_one_cm":46415,"minecraft:player_kills":1,"minecraft:fly_one_cm":353642,"minecraft:open_chest":63,"minecraft:crouch_one_cm":18780,"minecraft:interact_with_smoker":2,"minecraft:fall_one_cm":79278},"minecraft:killed_by":{"minecraft:zombie":1},"minecraft:dropped":{"minecraft:stone_hoe":3,"minecraft:bread":193,"minecraft:birch_planks":75,"minecraft:lapis_lazuli":20,"minecraft:diamond_axe":2,"minecraft:cooked_beef":7,"minecraft:oak_log":17,"minecraft:feather":2,"minecraft:cobblestone":29,"minecraft:apple":128,"minecraft:coal":10,"minecraft:stick":2,"minecraft:diorite":12,"minecraft:torch":7,"minecraft:rose_bush":1,"minecraft:paper":1,"minecraft:iron_shovel":1,"minecraft:white_wool":2,"minecraft:redstone":1,"minecraft:bone":2,"minecraft:furnace":1,"minecraft:stone_axe":1,"minecraft:detector_rail":1,"minecraft:cobbled_deepslate":3,"minecraft:tuff":4,"minecraft:raw_iron":12,"minecraft:stone_shovel":6,"minecraft:rotten_flesh":1,"minecraft:oak_planks":19,"minecraft:cooked_mutton":4,"minecraft:oak_boat":1,"minecraft:wooden_pickaxe":1,"minecraft:egg":1},"minecraft:killed":{"minecraft:spider":2,"minecraft:skeleton":3,"minecraft:chicken":1,"minecraft:pig":6,"minecraft:salmon":5,"minecraft:zombie":7,"minecraft:cow":1},"minecraft:picked_up":{"minecraft:spruce_leaves":131,"minecraft:crafting_table":12,"minecraft:wheat":2,"minecraft:chicken":1,"minecraft:wooden_pickaxe":2,"minecraft:oak_stairs":2,"minecraft:raw_copper":3,"minecraft:iron_shovel":1,"minecraft:beetroot":3,"minecraft:activator_rail":1,"minecraft:cobbled_deepslate":53,"minecraft:detector_rail":1,"minecraft:beef":2,"minecraft:oak_boat":1,"minecraft:rose_bush":2,"minecraft:minecart":2,"minecraft:sugar_cane":77,"minecraft:chest":4,"minecraft:furnace":5,"minecraft:egg":1,"minecraft:dark_oak_sapling":4,"minecraft:stick":33,"minecraft:raw_iron":32,"minecraft:composter":1,"minecraft:oak_fence":5,"minecraft:torch":24,"minecraft:porkchop":10,"minecraft:diorite":25,"minecraft:redstone":11,"minecraft:arrow":3,"minecraft:rotten_flesh":11,"minecraft:beetroot_seeds":12,"minecraft:glow_berries":12,"minecraft:rail":18,"minecraft:white_wool":2,"minecraft:cobblestone":201,"minecraft:birch_log":19,"minecraft:enchanting_table":1,"minecraft:feather":2,"minecraft:cooked_beef":7,"minecraft:crimson_stem":11,"minecraft:andesite":26,"minecraft:salmon":5,"minecraft:leather":2,"minecraft:birch_planks":120,"minecraft:flint":2,"minecraft:tuff":4,"minecraft:oak_log":103,"minecraft:nether_wart_block":2,"minecraft:gunpowder":2,"minecraft:lapis_lazuli":20,"minecraft:dirt":591,"minecraft:paper":1,"minecraft:cooked_mutton":8,"minecraft:bone":4,"minecraft:apple":128,"minecraft:wheat_seeds":16,"minecraft:raw_gold":4,"minecraft:iron_ingot":3,"minecraft:powered_rail":6,"minecraft:iron_sword":1,"minecraft:oak_planks":20,"minecraft:book":3,"minecraft:oak_slab":1,"minecraft:cooked_porkchop":3,"minecraft:gravel":25,"minecraft:sand":42,"minecraft:stripped_spruce_log":3,"minecraft:spruce_sapling":49,"minecraft:white_bed":1,"minecraft:spruce_log":1092,"minecraft:diamond":8,"minecraft:stone_axe":1,"minecraft:granite":15,"minecraft:diamond_axe":2,"minecraft:grass":44,"minecraft:bone_meal":26,"minecraft:emerald":4,"minecraft:bread":132,"minecraft:oak_sapling":5,"minecraft:coal":20},"minecraft:used":{"minecraft:enchanting_table":1,"minecraft:iron_shovel":622,"minecraft:stone_shovel":5,"minecraft:chest":3,"minecraft:shield":48,"minecraft:iron_sword":1,"minecraft:cooked_salmon":2,"minecraft:grass":44,"minecraft:bell":1,"minecraft:cooked_chicken":1,"minecraft:rotten_flesh":8,"minecraft:spruce_leaves":81,"minecraft:torch":17,"minecraft:dirt":678,"minecraft:stripped_spruce_log":1,"minecraft:bookshelf":4,"minecraft:diamond_chestplate":1,"minecraft:golden_carrot":5,"minecraft:oak_sapling":3,"minecraft:furnace":5,"minecraft:beetroot_seeds":9,"minecraft:cobbled_deepslate":38,"minecraft:dark_oak_sapling":4,"minecraft:cooked_mutton":4,"minecraft:wheat_seeds":16,"minecraft:diorite":1,"minecraft:birch_planks":24,"minecraft:stone_pickaxe":215,"minecraft:oak_planks":14,"minecraft:wooden_pickaxe":92,"minecraft:composter":2,"minecraft:sugar_cane":28,"minecraft:diamond_axe":1159,"minecraft:glow_berries":3,"minecraft:sand":21,"minecraft:oak_slab":1,"minecraft:crafting_table":12,"minecraft:birch_sign":1,"minecraft:white_bed":1,"minecraft:spruce_log":5,"minecraft:shears":163,"minecraft:diamond_pickaxe":7,"minecraft:apple":114,"minecraft:bread":56,"minecraft:iron_pickaxe":71,"minecraft:spruce_sapling":40,"minecraft:gravel":11,"minecraft:stone_axe":145,"minecraft:cobblestone":205,"minecraft:cooked_porkchop":11,"minecraft:smithing_table":1,"minecraft:andesite":10,"minecraft:dandelion":2,"minecraft:bone_meal":35}},"DataVersion":2975}