{"stats":{"minecraft:used":{"minecraft:iron_shovel":672,"minecraft:enchanting_table":1,"minecraft:stone_shovel":5,"minecraft:diamond_hoe":190,"minecraft:white_concrete_powder":10,"minecraft:chest":5,"minecraft:shield":51,"minecraft:iron_sword":1,"minecraft:cooked_salmon":2,"minecraft:bell":1,"minecraft:grass":44,"minecraft:cooked_chicken":1,"minecraft:rotten_flesh":8,"minecraft:spruce_leaves":131,"minecraft:torch":30,"minecraft:dirt":704,"minecraft:wheat":1,"minecraft:polished_diorite":3,"minecraft:stripped_spruce_log":1,"minecraft:bookshelf":4,"minecraft:diamond_chestplate":1,"minecraft:golden_carrot":24,"minecraft:bow":41,"minecraft:emerald_block":15,"minecraft:oak_sapling":3,"minecraft:furnace":5,"minecraft:beetroot_seeds":9,"minecraft:cobbled_deepslate":56,"minecraft:dark_oak_sapling":4,"minecraft:cooked_mutton":4,"minecraft:wheat_seeds":16,"minecraft:diorite":2,"minecraft:birch_planks":24,"minecraft:stone_pickaxe":215,"minecraft:oak_planks":23,"minecraft:wooden_pickaxe":92,"minecraft:composter":2,"minecraft:sugar_cane":41,"minecraft:diamond_axe":2751,"minecraft:glow_berries":3,"minecraft:sand":21,"minecraft:oak_slab":1,"minecraft:crafting_table":13,"minecraft:blast_furnace":1,"minecraft:birch_sign":1,"minecraft:white_bed":1,"minecraft:spruce_log":14,"minecraft:shears":163,"minecraft:diamond_pickaxe":672,"minecraft:apple":114,"minecraft:iron_pickaxe":71,"minecraft:bread":60,"minecraft:gravel":11,"minecraft:spruce_sapling":147,"minecraft:stone_axe":145,"minecraft:cobblestone":251,"minecraft:cooked_porkchop":11,"minecraft:smithing_table":1,"minecraft:andesite":10,"minecraft:white_concrete":4,"minecraft:dandelion":2,"minecraft:bone_meal":35},"minecraft:crafted":{"minecraft:golden_carrot":27,"minecraft:smooth_stone":4,"minecraft:oak_planks":344,"minecraft:stone_shovel":7,"minecraft:cooked_chicken":1,"minecraft:furnace":4,"minecraft:blast_furnace":1,"minecraft:stone":4,"minecraft:bone_meal":12,"minecraft:bookshelf":4,"minecraft:suspicious_stew":12,"minecraft:granite":1,"minecraft:white_concrete_powder":8,"minecraft:diamond_helmet":1,"minecraft:diamond_leggings":3,"minecraft:bow":2,"minecraft:iron_boots":10,"minecraft:polished_diorite":4,"minecraft:stone_pickaxe":3,"minecraft:chest":2,"minecraft:diamond_boots":3,"minecraft:stone_hoe":3,"minecraft:birch_sign":3,"minecraft:oak_slab":12,"minecraft:emerald":1391,"minecraft:cooked_porkchop":8,"minecraft:diamond_axe":4,"minecraft:crafting_table":2,"minecraft:spruce_planks":10408,"minecraft:wooden_pickaxe":3,"minecraft:iron_sword":1,"minecraft:bell":1,"minecraft:chainmail_chestplate":9,"minecraft:smithing_table":1,"minecraft:cooked_salmon":5,"minecraft:birch_planks":76,"minecraft:diorite":2,"minecraft:stone_axe":2,"minecraft:bread":156,"minecraft:air":0,"minecraft:apple":180,"minecraft:book":9,"minecraft:paper":48,"minecraft:diamond_pickaxe":4,"minecraft:golden_apple":2,"minecraft:emerald_block":95,"minecraft:shield":2,"minecraft:white_dye":3,"minecraft:stick":21286,"minecraft:chainmail_boots":12,"minecraft:iron_ingot":24,"minecraft:iron_pickaxe":2,"minecraft:iron_shovel":4,"minecraft:gold_ingot":21,"minecraft:andesite":2,"minecraft:pumpkin_pie":48,"minecraft:composter":1,"minecraft:torch":40,"minecraft:shears":1,"minecraft:diamond_chestplate":1},"minecraft:mined":{"minecraft:large_amethyst_bud":1,"minecraft:tuff":12,"minecraft:white_bed":1,"minecraft:farmland":23,"minecraft:mossy_cobblestone":6,"minecraft:deepslate_diamond_ore":7,"minecraft:cobblestone_stairs":3,"minecraft:budding_amethyst":1,"minecraft:granite":19,"minecraft:grass_block":113,"minecraft:white_concrete":4,"minecraft:white_concrete_powder":1,"minecraft:polished_diorite":3,"minecraft:spruce_leaves":364,"minecraft:composter":1,"minecraft:moss_block":2,"minecraft:crimson_stem":11,"minecraft:spruce_sapling":16,"minecraft:furnace":4,"minecraft:iron_ore":17,"minecraft:cobbled_deepslate":18,"minecraft:andesite":27,"minecraft:stripped_spruce_log":3,"minecraft:deepslate_lapis_ore":4,"minecraft:enchanting_table":1,"minecraft:bookshelf":1,"minecraft:deepslate_iron_ore":40,"minecraft:dirt_path":11,"minecraft:oak_stairs":3,"minecraft:azalea":1,"minecraft:stone":222,"minecraft:podzol":226,"minecraft:deepslate_redstone_ore":2,"minecraft:oak_slab":1,"minecraft:amethyst_cluster":11,"minecraft:crafting_table":12,"minecraft:calcite":3,"minecraft:rose_bush":1,"minecraft:copper_ore":1,"minecraft:tall_grass":9,"minecraft:cobblestone":60,"minecraft:deepslate_gold_ore":23,"minecraft:oak_planks":14,"minecraft:sugar_cane":45,"minecraft:diorite":27,"minecraft:wall_torch":1,"minecraft:amethyst_block":3,"minecraft:wheat":8,"minecraft:birch_log":19,"minecraft:spruce_log":2633,"minecraft:birch_leaves":1,"minecraft:grass":107,"minecraft:coal_ore":10,"minecraft:oak_log":92,"minecraft:beetroots":3,"minecraft:gravel":34,"minecraft:dirt":263,"minecraft:sand":44,"minecraft:smooth_basalt":3,"minecraft:oak_leaves":3,"minecraft:deepslate":436,"minecraft:emerald_block":15},"minecraft:dropped":{"minecraft:stone_hoe":3,"minecraft:iron_ingot":4,"minecraft:bread":193,"minecraft:wheat_seeds":18,"minecraft:birch_planks":75,"minecraft:lapis_lazuli":20,"minecraft:diamond_axe":4,"minecraft:cooked_beef":7,"minecraft:oak_log":19,"minecraft:feather":2,"minecraft:cobblestone":92,"minecraft:apple":128,"minecraft:granite":2,"minecraft:cobblestone_stairs":6,"minecraft:flint":4,"minecraft:emerald":30,"minecraft:coal":10,"minecraft:stick":9,"minecraft:diorite":30,"minecraft:torch":7,"minecraft:rose_bush":1,"minecraft:smooth_stone":2,"minecraft:paper":1,"minecraft:iron_shovel":1,"minecraft:white_wool":2,"minecraft:spruce_sapling":2,"minecraft:gravel":9,"minecraft:redstone":1,"minecraft:bone":4,"minecraft:furnace":1,"minecraft:stone_axe":1,"minecraft:detector_rail":1,"minecraft:cobbled_deepslate":6,"minecraft:tuff":4,"minecraft:wheat":1,"minecraft:raw_iron":12,"minecraft:stone_shovel":6,"minecraft:rotten_flesh":1,"minecraft:iron_boots":39,"minecraft:oak_planks":20,"minecraft:cooked_mutton":4,"minecraft:chainmail_chestplate":28,"minecraft:chainmail_boots":43,"minecraft:oak_boat":1,"minecraft:spruce_log":37,"minecraft:wooden_pickaxe":1,"minecraft:egg":1},"minecraft:custom":{"minecraft:interact_with_smithing_table":1,"minecraft:interact_with_anvil":6,"minecraft:mob_kills":49,"minecraft:animals_bred":1,"minecraft:interact_with_crafting_table":56,"minecraft:leave_game":7,"minecraft:time_since_death":50365,"minecraft:climb_one_cm":10378,"minecraft:sprint_one_cm":652714,"minecraft:walk_one_cm":835007,"minecraft:damage_blocked_by_shield":4262,"minecraft:drop":239,"minecraft:talked_to_villager":210,"minecraft:play_time":358111,"minecraft:sneak_time":6810,"minecraft:deaths":2,"minecraft:walk_under_water_one_cm":16174,"minecraft:jump":5140,"minecraft:walk_on_water_one_cm":22213,"minecraft:enchant_item":1,"minecraft:total_world_time":358111,"minecraft:interact_with_furnace":54,"minecraft:traded_with_villager":854,"minecraft:sleep_in_bed":13,"minecraft:time_since_rest":30494,"minecraft:damage_taken":4452,"minecraft:damage_dealt":5094,"minecraft:swim_one_cm":46415,"minecraft:player_kills":1,"minecraft:fly_one_cm":693898,"minecraft:open_chest":160,"minecraft:crouch_one_cm":19163,"minecraft:interact_with_smoker":2,"minecraft:fall_one_cm":154464},"minecraft:broken":{"minecraft:shears":1,"minecraft:wooden_pickaxe":1,"minecraft:stone_pickaxe":1,"minecraft:shield":1,"minecraft:stone_axe":1},"minecraft:killed":{"minecraft:spider":2,"minecraft:skeleton":10,"minecraft:chicken":1,"minecraft:pig":7,"minecraft:salmon":5,"minecraft:creeper":1,"minecraft:zombie":21,"minecraft:cow":1},"minecraft:picked_up":{"minecraft:spruce_leaves":131,"minecraft:crafting_table":13,"minecraft:chainmail_boots":31,"minecraft:wheat":9,"minecraft:chicken":1,"minecraft:wooden_pickaxe":3,"minecraft:oak_stairs":2,"minecraft:amethyst_block":3,"minecraft:raw_copper":3,"minecraft:iron_shovel":4,"minecraft:beetroot":3,"minecraft:activator_rail":1,"minecraft:diamond_leggings":1,"minecraft:smooth_stone":1,"minecraft:cobbled_deepslate":460,"minecraft:detector_rail":1,"minecraft:spruce_planks":4,"minecraft:beef":2,"minecraft:calcite":3,"minecraft:oak_boat":1,"minecraft:rose_bush":2,"minecraft:minecart":2,"minecraft:iron_boots":29,"minecraft:sugar_cane":89,"minecraft:chest":4,"minecraft:diamond_hoe":1,"minecraft:furnace":5,"minecraft:egg":1,"minecraft:dark_oak_sapling":4,"minecraft:stick":110,"minecraft:raw_iron":73,"minecraft:oak_door":1,"minecraft:composter":1,"minecraft:oak_fence":5,"minecraft:torch":26,"minecraft:porkchop":16,"minecraft:diorite":44,"minecraft:redstone":11,"minecraft:diamond_chestplate":1,"minecraft:arrow":39,"minecraft:rotten_flesh":26,"minecraft:beetroot_seeds":12,"minecraft:glow_berries":12,"minecraft:rail":18,"minecraft:white_wool":2,"minecraft:cobblestone":375,"minecraft:birch_log":19,"minecraft:enchanting_table":1,"minecraft:feather":2,"minecraft:cooked_beef":7,"minecraft:golden_carrot":13,"minecraft:crimson_stem":11,"minecraft:andesite":26,"minecraft:salmon":5,"minecraft:leather":2,"minecraft:birch_planks":120,"minecraft:flint":6,"minecraft:tuff":12,"minecraft:oak_log":109,"minecraft:chainmail_chestplate":19,"minecraft:nether_wart_block":2,"minecraft:gunpowder":3,"minecraft:cobblestone_stairs":9,"minecraft:lapis_lazuli":44,"minecraft:dirt":652,"minecraft:paper":1,"minecraft:cooked_mutton":8,"minecraft:bone":12,"minecraft:apple":128,"minecraft:bow":2,"minecraft:wheat_seeds":53,"minecraft:raw_gold":23,"minecraft:iron_ingot":7,"minecraft:powered_rail":6,"minecraft:iron_sword":1,"minecraft:oak_planks":36,"minecraft:book":3,"minecraft:oak_slab":1,"minecraft:smooth_basalt":3,"minecraft:emerald_block":37,"minecraft:cooked_porkchop":3,"minecraft:gravel":43,"minecraft:sand":42,"minecraft:amethyst_shard":46,"minecraft:stripped_spruce_log":3,"minecraft:spruce_sapling":176,"minecraft:white_bed":1,"minecraft:spruce_log":2752,"minecraft:mossy_cobblestone":6,"minecraft:white_concrete_powder":2,"minecraft:polished_diorite":3,"minecraft:diamond":8,"minecraft:stone_axe":1,"minecraft:granite":21,"minecraft:diamond_axe":6,"minecraft:bone_meal":26,"minecraft:grass":44,"minecraft:white_concrete":4,"minecraft:bread":164,"minecraft:emerald":129,"minecraft:oak_sapling":5,"minecraft:coal":40,"minecraft:diamond_pickaxe":2},"minecraft:killed_by":{"minecraft:zombie":2}},"DataVersion":2975}